country,year,wpf_score
Finland,2002,0.06907894736842106
Iceland,2002,0.06907894736842106
Norway,2002,0.06907894736842106
Netherlands,2002,0.06907894736842106
Canada,2002,0.07072368421052631
Ireland,2002,0.07236842105263158
Germany,2002,0.0756578947368421
Portugal,2002,0.0756578947368421
Sweden,2002,0.0756578947368421
Denmark,2002,0.08552631578947369
France,2002,0.08717105263157894
Australia,2002,0.08881578947368421
Belgium,2002,0.08881578947368421
Slovenia,2002,0.09210526315789473
Switzerland,2002,0.09375
Costa Rica,2002,0.09375
United States,2002,0.09703947368421052
Hong Kong,2002,0.09756578947368422
Greece,2002,0.09868421052631579
Ecuador,2002,0.10197368421052631
Benin,2002,0.10526315789473684
United Kingdom,2002,0.10526315789473684
Uruguay,2002,0.10526315789473684
Chile,2002,0.10855263157894737
Hungary,2002,0.10855263157894737
South Africa,2002,0.11513157894736842
Austria,2002,0.11513157894736842
Japan,2002,0.11513157894736842
Spain,2002,0.11677631578947369
Poland,2002,0.11677631578947369
Namibia,2002,0.11842105263157894
Paraguay,2002,0.12171052631578948
Croatia,2002,0.12335526315789473
El Salvador,2002,0.12335526315789473
Taiwan,2002,0.125
Mauritius,2002,0.12828947368421054
Peru,2002,0.12828947368421054
Bulgaria,2002,0.1299342105263158
South Korea,2002,0.13486842105263158
Italy,2002,0.13815789473684212
Czechia,2002,0.13980263157894737
Argentina,2002,0.14473684210526316
Bosnia-Herzegovina,2002,0.14802631578947367
Mali,2002,0.14802631578947367
Romania,2002,0.15296052631578946
Cabo Verde,2002,0.15625
Senegal,2002,0.15789473684210525
Bolivia,2002,0.1611842105263158
Nigeria,2002,0.16776315789473684
Panama,2002,0.16776315789473684
Sri Lanka,2002,0.16940789473684212
Uganda,2002,0.17763157894736842
Niger,2002,0.1875
Brazil,2002,0.18914473684210525
Ivory Coast,2002,0.19078947368421054
Lebanon,2002,0.19519736842105265
Indonesia,2002,0.19736842105263158
Comoros,2002,0.20065789473684212
Gabon,2002,0.20065789473684212
République fédérale de Yougoslavie,2002,0.20230263157894737
Seychelles,2002,0.20230263157894737
Tanzania,2002,0.20559210526315788
Central African Republic,2002,0.20723684210526316
Gambia,2002,0.2138157894736842
Madagascar,2002,0.21546052631578946
Thailand,2002,0.21546052631578946
Bahrain,2002,0.21710526315789475
Ghana,2002,0.21710526315789475
Congo-Brazzaville,2002,0.21822368421052632
Mozambique,2002,0.22039473684210525
Cambodia,2002,0.22532894736842105
Burundi,2002,0.22697368421052633
Mongolia,2002,0.22697368421052633
Sierra Leone,2002,0.22697368421052633
Kenya,2002,0.22861842105263158
Mexico,2002,0.22861842105263158
Venezuela,2002,0.23026315789473684
Kuwait,2002,0.23355263157894737
Guinea,2002,0.23684210526315788
India,2002,0.24013157894736842
Zambia,2002,0.24177631578947367
Palestine,2002,0.24342105263157895
Guatemala,2002,0.2450657894736842
Malawi,2002,0.24782894736842107
Burkina Faso,2002,0.24835526315789475
Tajikistan,2002,0.25164473684210525
Chad,2002,0.25493421052631576
Cameroon,2002,0.25546052631578947
Morocco / Western Sahara,2002,0.2565789473684211
Philippines,2002,0.2565789473684211
Eswatini,2002,0.2565789473684211
Israel,2002,0.2631578947368421
Angola,2002,0.2642763157894737
Guinea Bissau,2002,0.26480263157894735
Algeria,2002,0.26973684210526316
Djibouti,2002,0.2713815789473684
Togo,2002,0.2730263157894737
Kyrgyzstan,2002,0.2746710526315789
Jordan,2002,0.28618421052631576
Türkiye,2002,0.28618421052631576
Azerbaijan,2002,0.29276315789473684
Egypt,2002,0.29276315789473684
Yemen,2002,0.2944078947368421
Afghanistan,2002,0.2993421052631579
Sudan,2002,0.3026315789473684
Haiti,2002,0.3059210526315789
Ethiopia,2002,0.3125
Rwanda,2002,0.3125
Liberia,2002,0.31414473684210525
Malaysia,2002,0.31467105263157896
Brunei,2002,0.3157894736842105
Ukraine,2002,0.32894736842105265
Democratic Republic of Congo,2002,0.3338815789473684
Colombia,2002,0.33440789473684207
Mauritania,2002,0.33769736842105263
Kazakhstan,2002,0.34210526315789475
Equatorial Guinea,2002,0.3470394736842105
Bangladesh,2002,0.3536184210526316
Pakistan,2002,0.35967105263157895
Uzbekistan,2002,0.3618421052631579
Russia,2002,0.3815789473684211
Iran,2002,0.3832236842105263
Zimbabwe,2002,0.3832236842105263
Belarus,2002,0.40901315789473686
Saudi Arabia,2002,0.4769736842105263
Syria,2002,0.47914473684210523
Nepal,2002,0.48026315789473684
Tunisia,2002,0.5115131578947368
Libya,2002,0.5427631578947368
Iraq,2002,0.5855263157894737
Vietnam,2002,0.600328947368421
Eritrea,2002,0.61625
Laos,2002,0.6513157894736842
Cuba,2002,0.6595394736842105
Bhutan,2002,0.662828947368421
Turkmenistan,2002,0.6677631578947368
Myanmar,2002,0.702828947368421
China,2002,0.7039473684210527
North Korea,2002,0.7072368421052632
Finland,2003,0.06907894736842106
Iceland,2003,0.06907894736842106
Netherlands,2003,0.06907894736842106
Norway,2003,0.06907894736842106
Denmark,2003,0.07236842105263158
Trinidad and Tobago,2003,0.07236842105263158
Belgium,2003,0.07348684210526316
Germany,2003,0.07453947368421053
Sweden,2003,0.0756578947368421
Canada,2003,0.07782894736842105
Latvia,2003,0.0805921052631579
Switzerland,2003,0.08223684210526316
Czechia,2003,0.08223684210526316
Estonia,2003,0.08223684210526316
Slovakia,2003,0.08223684210526316
Austria,2003,0.08388157894736842
Ireland,2003,0.08440789473684211
Lithuania,2003,0.08440789473684211
New Zealand,2003,0.08440789473684211
Slovenia,2003,0.08552631578947369
Hungary,2003,0.08769736842105263
Jamaica,2003,0.08769736842105263
South Africa,2003,0.08769736842105263
Costa Rica,2003,0.09098684210526316
Uruguay,2003,0.09210526315789473
France,2003,0.09322368421052632
United Kingdom,2003,0.09375
Portugal,2003,0.09980263157894737
Benin,2003,0.10032894736842106
Timor-Leste,2003,0.10197368421052631
Greece,2003,0.10526315789473684
Poland,2003,0.10638157894736844
Albania,2003,0.10855263157894737
Bulgaria,2003,0.10855263157894737
Nicaragua,2003,0.10855263157894737
Bosnia-Herzegovina,2003,0.11072368421052631
Chile,2003,0.11072368421052631
El Salvador,2003,0.11072368421052631
Paraguay,2003,0.11296052631578948
Mauritius,2003,0.11348684210526316
Ecuador,2003,0.11625
Spain,2003,0.11625
Japan,2003,0.11842105263157894
Madagascar,2003,0.11953947368421054
Cabo Verde,2003,0.12006578947368421
Ghana,2003,0.12335526315789473
South Korea,2003,0.1261184210526316
Australia,2003,0.12664473684210525
Bolivia,2003,0.1294078947368421
North Macedonia,2003,0.1294078947368421
Italy,2003,0.1299342105263158
Panama,2003,0.1299342105263158
Peru,2003,0.13322368421052633
Hong Kong,2003,0.13815789473684212
Mali,2003,0.13815789473684212
Namibia,2003,0.13815789473684212
Fiji,2003,0.14144736842105263
Romania,2003,0.14144736842105263
Taiwan,2003,0.14473684210526316
Botswana,2003,0.1513157894736842
Congo-Brazzaville,2003,0.15789473684210525
Mozambique,2003,0.15789473684210525
Honduras,2003,0.15901315789473686
Senegal,2003,0.1611842105263158
Argentina,2003,0.1655921052631579
Niger,2003,0.16940789473684212
Croatia,2003,0.17434210526315788
Tanzania,2003,0.17434210526315788
Brazil,2003,0.17598684210526316
Dominican Republic,2003,0.17763157894736842
Georgia,2003,0.17980263157894735
Mexico,2003,0.18203947368421053
Lesotho,2003,0.1825657894736842
Burkina Faso,2003,0.18421052631578946
Gambia,2003,0.18585526315789475
Mongolia,2003,0.18585526315789475
Comoros,2003,0.1875
Kenya,2003,0.1875
Cambodia,2003,0.19407894736842105
Thailand,2003,0.19519736842105265
Cyprus,2003,0.20282894736842105
Malawi,2003,0.20394736842105263
Serbie-Monténégro,2003,0.20611842105263156
Zambia,2003,0.21875
Sierra Leone,2003,0.22039473684210525
Chad,2003,0.2236842105263158
Sri Lanka,2003,0.22914473684210526
Armenia,2003,0.23138157894736844
Uganda,2003,0.23519736842105263
Burundi,2003,0.23848684210526316
Seychelles,2003,0.24177631578947367
Moldova,2003,0.24342105263157895
Togo,2003,0.24671052631578946
Venezuela,2003,0.2488815789473684
Angola,2003,0.25
Cameroon,2003,0.26644736842105265
Guatemala,2003,0.26861842105263156
Haiti,2003,0.26973684210526316
Gabon,2003,0.2713815789473684
Kuwait,2003,0.27190789473684207
Nigeria,2003,0.2730263157894737
Kyrgyzstan,2003,0.27631578947368424
Malaysia,2003,0.27631578947368424
Lebanon,2003,0.27960526315789475
Central African Republic,2003,0.28125
Algeria,2003,0.28289473684210525
Guinea,2003,0.28401315789473686
Egypt,2003,0.2911184210526316
Indonesia,2003,0.2911184210526316
Rwanda,2003,0.2911184210526316
Azerbaijan,2003,0.29276315789473684
Tajikistan,2003,0.29276315789473684
Qatar,2003,0.29605263157894735
Türkiye,2003,0.29605263157894735
Bahrain,2003,0.29717105263157895
Guinea Bissau,2003,0.29769736842105265
Philippines,2003,0.29769736842105265
Djibouti,2003,0.2993421052631579
Mauritania,2003,0.30703947368421053
United Arab Emirates,2003,0.3092105263157895
Jordan,2003,0.3092105263157895
Ethiopia,2003,0.3125
Iraq,2003,0.3125
Eswatini,2003,0.3125
Democratic Republic of Congo,2003,0.3190789473684211
India,2003,0.3223684210526316
Pakistan,2003,0.3223684210526316
Palestine,2003,0.32401315789473684
Morocco / Western Sahara,2003,0.3267763157894737
Liberia,2003,0.32894736842105265
Ukraine,2003,0.32894736842105265
Afghanistan,2003,0.3300657894736842
Yemen,2003,0.34098684210526314
Ivory Coast,2003,0.34322368421052635
Kazakhstan,2003,0.34539473684210525
Equatorial Guinea,2003,0.36019736842105265
Somalia,2003,0.3618421052631579
Zimbabwe,2003,0.3651315789473684
Sudan,2003,0.3667763157894737
Bangladesh,2003,0.3717105263157895
Singapore,2003,0.37717105263157896
Maldives,2003,0.3782894736842105
Colombia,2003,0.3892763157894737
Russia,2003,0.39144736842105265
Tunisia,2003,0.40019736842105263
Nepal,2003,0.40460526315789475
Belarus,2003,0.40789473684210525
Oman,2003,0.4457236842105263
Libya,2003,0.4605263157894737
Uzbekistan,2003,0.47039473684210525
Syria,2003,0.5098684210526315
Saudi Arabia,2003,0.5361842105263158
Bhutan,2003,0.5745394736842105
Turkmenistan,2003,0.6107236842105263
Vietnam,2003,0.6524342105263158
Iran,2003,0.6534868421052632
China,2003,0.6661184210526315
Eritrea,2003,0.6677631578947368
Laos,2003,0.6896710526315789
Myanmar,2003,0.694078947368421
Cuba,2003,0.7094078947368421
North Korea,2003,0.7203947368421053
Switzerland,2004,0.06907894736842106
Denmark,2004,0.06907894736842106
Finland,2004,0.06907894736842106
Ireland,2004,0.06907894736842106
Iceland,2004,0.06907894736842106
Netherlands,2004,0.06907894736842106
Norway,2004,0.06907894736842106
Slovakia,2004,0.06907894736842106
New Zealand,2004,0.07019736842105263
Latvia,2004,0.07236842105263158
Germany,2004,0.07894736842105263
Estonia,2004,0.07894736842105263
Sweden,2004,0.07894736842105263
Trinidad and Tobago,2004,0.07894736842105263
Slovenia,2004,0.0805921052631579
Lithuania,2004,0.08552631578947369
Austria,2004,0.08717105263157894
Canada,2004,0.08769736842105263
Czechia,2004,0.08881578947368421
France,2004,0.08881578947368421
Bosnia-Herzegovina,2004,0.08993421052631578
Belgium,2004,0.09210526315789473
Jamaica,2004,0.09322368421052632
Portugal,2004,0.09539473684210527
South Africa,2004,0.09868421052631579
Benin,2004,0.10197368421052631
United Kingdom,2004,0.10526315789473684
Hungary,2004,0.10526315789473684
El Salvador,2004,0.10526315789473684
Dominican Republic,2004,0.11019736842105263
Poland,2004,0.11072368421052631
Greece,2004,0.1118421052631579
Hong Kong,2004,0.11513157894736842
Costa Rica,2004,0.11598684210526315
Bulgaria,2004,0.11842105263157894
Cabo Verde,2004,0.12335526315789473
Spain,2004,0.125
Italy,2004,0.125
Australia,2004,0.12828947368421054
Chile,2004,0.13157894736842105
Japan,2004,0.13157894736842105
Namibia,2004,0.13157894736842105
Uruguay,2004,0.13157894736842105
Mauritius,2004,0.13486842105263158
Paraguay,2004,0.13486842105263158
South Korea,2004,0.13901315789473687
North Macedonia,2004,0.13980263157894737
Albania,2004,0.14144736842105263
Botswana,2004,0.14144736842105263
Nicaragua,2004,0.14256578947368423
Honduras,2004,0.14309210526315788
Croatia,2004,0.14361842105263156
Grenade,2004,0.14473684210526316
Mali,2004,0.1501973684210526
Ghana,2004,0.15460526315789475
Timor-Leste,2004,0.15460526315789475
Thailand,2004,0.15789473684210525
Taiwan,2004,0.15953947368421054
Panama,2004,0.1611842105263158
Tanzania,2004,0.1611842105263158
Fiji,2004,0.17105263157894737
Burkina Faso,2004,0.17269736842105263
Mozambique,2004,0.17269736842105263
Brazil,2004,0.17434210526315788
Ecuador,2004,0.17434210526315788
Guatemala,2004,0.17434210526315788
Congo-Brazzaville,2004,0.18092105263157895
Romania,2004,0.1830921052631579
Niger,2004,0.1863815789473684
Madagascar,2004,0.1875
Burundi,2004,0.19078947368421054
Mongolia,2004,0.19078947368421054
Togo,2004,0.19407894736842105
Bolivia,2004,0.19736842105263158
Serbie-Monténégro,2004,0.1982236842105263
Moldova,2004,0.20065789473684212
Argentina,2004,0.20611842105263156
Senegal,2004,0.20723684210526316
Northern Cyprus,2004,0.21052631578947367
Kenya,2004,0.21217105263157895
Armenia,2004,0.22039473684210525
Guinea Bissau,2004,0.22039473684210525
Seychelles,2004,0.22039473684210525
Uganda,2004,0.2236842105263158
Lebanon,2004,0.22618421052631577
Guinea,2004,0.22697368421052633
Sierra Leone,2004,0.22697368421052633
Venezuela,2004,0.22782894736842102
Angola,2004,0.24013157894736842
Comoros,2004,0.24013157894736842
Cameroon,2004,0.24342105263157895
Georgia,2004,0.24671052631578946
Tajikistan,2004,0.24835526315789475
Mexico,2004,0.2488815789473684
Afghanistan,2004,0.25164473684210525
Gambia,2004,0.2598684210526316
Lesotho,2004,0.2598684210526316
Zambia,2004,0.26151315789473684
Malawi,2004,0.26973684210526316
Eswatini,2004,0.26973684210526316
Kuwait,2004,0.2741447368421053
Central African Republic,2004,0.27960526315789475
Qatar,2004,0.27960526315789475
Chad,2004,0.2845394736842105
Kyrgyzstan,2004,0.29769736842105265
Cambodia,2004,0.3059210526315789
Sri Lanka,2004,0.3059210526315789
Philippines,2004,0.3067763157894737
Ethiopia,2004,0.3092105263157895
Rwanda,2004,0.31085526315789475
Türkiye,2004,0.31085526315789475
Gabon,2004,0.3125
Indonesia,2004,0.31414473684210525
Nigeria,2004,0.31414473684210525
Tonga,2004,0.3169078947368421
India,2004,0.3190789473684211
Jordan,2004,0.32322368421052633
Malaysia,2004,0.32782894736842105
Liberia,2004,0.32894736842105265
Peru,2004,0.32894736842105265
Haiti,2004,0.3429605263157895
Morocco / Western Sahara,2004,0.34868421052631576
Palestine,2004,0.34980263157894737
Algeria,2004,0.3519736842105263
Egypt,2004,0.3519736842105263
Somalia,2004,0.3519736842105263
Kazakhstan,2004,0.35638157894736844
Sudan,2004,0.3569078947368421
Equatorial Guinea,2004,0.37006578947368424
Colombia,2004,0.3775
Yemen,2004,0.3815789473684211
Azerbaijan,2004,0.3925657894736842
United Arab Emirates,2004,0.3963815789473684
Mauritania,2004,0.40131578947368424
Ukraine,2004,0.40131578947368424
Russia,2004,0.40381578947368424
Democratic Republic of Congo,2004,0.40460526315789475
Uzbekistan,2004,0.40875
Bahrain,2004,0.41118421052631576
Belarus,2004,0.4217105263157894
Djibouti,2004,0.4276315789473684
Bhutan,2004,0.4330921052631579
Singapore,2004,0.4407894736842105
Iraq,2004,0.4506578947368421
Ivory Coast,2004,0.4630263157894737
Pakistan,2004,0.4720394736842105
Bangladesh,2004,0.4769736842105263
Tunisia,2004,0.47809210526315793
Laos,2004,0.4890131578947368
Libya,2004,0.4934210526315789
Syria,2004,0.5098684210526315
Zimbabwe,2004,0.5098684210526315
Maldives,2004,0.5208552631578948
Iran,2004,0.5809210526315789
Saudi Arabia,2004,0.5866447368421053
Nepal,2004,0.618421052631579
Vietnam,2004,0.6373684210526316
China,2004,0.6732236842105263
Eritrea,2004,0.6792763157894737
Turkmenistan,2004,0.7225657894736842
Myanmar,2004,0.7475657894736841
Cuba,2004,0.7686184210526316
North Korea,2004,0.7730263157894737
Switzerland,2005,0.06907894736842106
Denmark,2005,0.06907894736842106
Finland,2005,0.06907894736842106
Ireland,2005,0.06907894736842106
Iceland,2005,0.06907894736842106
Netherlands,2005,0.06907894736842106
Norway,2005,0.06907894736842106
Slovakia,2005,0.07072368421052631
Czechia,2005,0.07236842105263158
Slovenia,2005,0.07236842105263158
Estonia,2005,0.0756578947368421
Hungary,2005,0.07894736842105263
New Zealand,2005,0.07894736842105263
Sweden,2005,0.07894736842105263
Trinidad and Tobago,2005,0.07894736842105263
Austria,2005,0.08223684210526316
Latvia,2005,0.08223684210526316
Belgium,2005,0.09210526315789473
Germany,2005,0.09210526315789473
Greece,2005,0.09210526315789473
Canada,2005,0.09539473684210527
Lithuania,2005,0.09539473684210527
Portugal,2005,0.09756578947368422
United Kingdom,2005,0.09980263157894737
Benin,2005,0.10197368421052631
Cyprus,2005,0.10197368421052631
Namibia,2005,0.10197368421052631
El Salvador,2005,0.10361842105263158
Cabo Verde,2005,0.10526315789473684
France,2005,0.1069078947368421
Australia,2005,0.10855263157894737
South Africa,2005,0.10855263157894737
Bosnia-Herzegovina,2005,0.1118421052631579
Jamaica,2005,0.11513157894736842
South Korea,2005,0.11513157894736842
Mauritius,2005,0.11513157894736842
Japan,2005,0.11842105263157894
Mali,2005,0.11842105263157894
Hong Kong,2005,0.12006578947368421
Spain,2005,0.12059210526315789
Costa Rica,2005,0.12171052631578948
Italy,2005,0.12282894736842107
North Macedonia,2005,0.12335526315789473
Bolivia,2005,0.1294078947368421
Uruguay,2005,0.1299342105263158
Israel,2005,0.13157894736842105
Bulgaria,2005,0.13322368421052633
Mozambique,2005,0.13486842105263158
Chile,2005,0.14309210526315788
Dominican Republic,2005,0.14638157894736842
Taiwan,2005,0.14638157894736842
Northern Cyprus,2005,0.14802631578947367
Mongolia,2005,0.14802631578947367
Poland,2005,0.14802631578947367
Croatia,2005,0.1501973684210526
Niger,2005,0.1513157894736842
Timor-Leste,2005,0.15460526315789475
Argentina,2005,0.15572368421052632
Botswana,2005,0.15789473684210525
Fiji,2005,0.15789473684210525
Albania,2005,0.15901315789473686
Brazil,2005,0.1611842105263158
Tonga,2005,0.1611842105263158
Serbie-Monténégro,2005,0.16335526315789473
Ghana,2005,0.16447368421052633
Panama,2005,0.16447368421052633
Nicaragua,2005,0.16611842105263158
Paraguay,2005,0.16776315789473684
Romania,2005,0.17217105263157895
Congo-Brazzaville,2005,0.17763157894736842
Guinea Bissau,2005,0.17763157894736842
Seychelles,2005,0.17763157894736842
Moldova,2005,0.18092105263157895
Tanzania,2005,0.18092105263157895
Angola,2005,0.18421052631578946
Honduras,2005,0.18421052631578946
Burkina Faso,2005,0.19078947368421054
Senegal,2005,0.19078947368421054
Uganda,2005,0.1924342105263158
Lesotho,2005,0.19407894736842105
Central African Republic,2005,0.19572368421052633
Cameroon,2005,0.20065789473684212
Liberia,2005,0.20065789473684212
Kuwait,2005,0.20559210526315788
Guatemala,2005,0.20723684210526316
Ecuador,2005,0.20888157894736842
Comoros,2005,0.21052631578947367
Malawi,2005,0.21546052631578946
Burundi,2005,0.21710526315789475
Cambodia,2005,0.21710526315789475
Qatar,2005,0.21710526315789475
Venezuela,2005,0.21710526315789475
Zambia,2005,0.21710526315789475
Togo,2005,0.22203947368421054
Jordan,2005,0.2236842105263158
Madagascar,2005,0.22697368421052633
Türkiye,2005,0.23026315789473684
Georgia,2005,0.23138157894736844
United Arab Emirates,2005,0.23519736842105263
Kosovo,2005,0.23519736842105263
Armenia,2005,0.23684210526315788
Gabon,2005,0.23684210526315788
Guinea,2005,0.23684210526315788
Indonesia,2005,0.23684210526315788
India,2005,0.24342105263157895
Thailand,2005,0.25
Lebanon,2005,0.25164473684210525
Kenya,2005,0.2631578947368421
Chad,2005,0.2631578947368421
Kyrgyzstan,2005,0.27631578947368424
Ukraine,2005,0.27960526315789475
Malaysia,2005,0.28289473684210525
Tajikistan,2005,0.28289473684210525
Sri Lanka,2005,0.2845394736842105
Peru,2005,0.2850657894736842
Haiti,2005,0.28618421052631576
Eswatini,2005,0.29605263157894735
Kazakhstan,2005,0.30375
Morocco / Western Sahara,2005,0.30375
Djibouti,2005,0.3092105263157895
Rwanda,2005,0.3157894736842105
Bahrain,2005,0.3207236842105263
Nigeria,2005,0.3207236842105263
Afghanistan,2005,0.3234868421052632
Sierra Leone,2005,0.3256578947368421
Mauritania,2005,0.32894736842105265
Colombia,2005,0.3300657894736842
Algeria,2005,0.33111842105263156
Gambia,2005,0.3355263157894737
Ethiopia,2005,0.34210526315789475
Palestine,2005,0.34539473684210525
Equatorial Guinea,2005,0.35526315789473684
Sudan,2005,0.35526315789473684
Mexico,2005,0.3651315789473684
Yemen,2005,0.37006578947368424
Russia,2005,0.3859868421052632
Philippines,2005,0.39473684210526316
Singapore,2005,0.3991447368421053
Azerbaijan,2005,0.40131578947368424
Bhutan,2005,0.40460526315789475
Egypt,2005,0.40789473684210525
Ivory Coast,2005,0.4095394736842105
Syria,2005,0.4276315789473684
Democratic Republic of Congo,2005,0.44296052631578947
Tunisia,2005,0.4440789473684211
Maldives,2005,0.4506578947368421
Somalia,2005,0.45394736842105265
Pakistan,2005,0.4654605263157895
Bangladesh,2005,0.46875
Belarus,2005,0.46927631578947365
Zimbabwe,2005,0.48848684210526316
Saudi Arabia,2005,0.5
Laos,2005,0.5032894736842105
Uzbekistan,2005,0.5032894736842105
Iraq,2005,0.506578947368421
Vietnam,2005,0.5476973684210527
China,2005,0.6118421052631579
Nepal,2005,0.6365131578947368
Cuba,2005,0.6381578947368421
Libya,2005,0.649671052631579
Myanmar,2005,0.6501973684210526
Iran,2005,0.6524342105263158
Turkmenistan,2005,0.680921052631579
Eritrea,2005,0.7220394736842105
North Korea,2005,0.7828947368421053
Finland,2006,0.06907894736842106
Ireland,2006,0.06907894736842106
Iceland,2006,0.06907894736842106
Netherlands,2006,0.06907894736842106
Czechia,2006,0.07072368421052631
Estonia,2006,0.07894736842105263
Norway,2006,0.07894736842105263
Slovakia,2006,0.08223684210526316
Switzerland,2006,0.08223684210526316
Hungary,2006,0.08552631578947369
Latvia,2006,0.08552631578947369
Portugal,2006,0.08552631578947369
Slovenia,2006,0.08552631578947369
Belgium,2006,0.09210526315789473
Sweden,2006,0.09210526315789473
Austria,2006,0.09539473684210527
Bolivia,2006,0.09539473684210527
Canada,2006,0.09539473684210527
Bosnia-Herzegovina,2006,0.09868421052631579
Denmark,2006,0.09868421052631579
New Zealand,2006,0.09868421052631579
Trinidad and Tobago,2006,0.09868421052631579
Germany,2006,0.10197368421052631
Benin,2006,0.10197368421052631
Jamaica,2006,0.10197368421052631
Namibia,2006,0.10526315789473684
Lithuania,2006,0.10855263157894737
United Kingdom,2006,0.10855263157894737
Costa Rica,2006,0.10967105263157896
Cyprus,2006,0.11513157894736842
South Korea,2006,0.11677631578947369
Greece,2006,0.11842105263157894
Mauritius,2006,0.11842105263157894
Ghana,2006,0.12171052631578948
Australia,2006,0.125
Bulgaria,2006,0.125
France,2006,0.125
Mali,2006,0.125
Panama,2006,0.12828947368421054
Italy,2006,0.13092105263157894
El Salvador,2006,0.13157894736842105
Spain,2006,0.13157894736842105
Taiwan,2006,0.13486842105263158
South Africa,2006,0.13980263157894737
Cabo Verde,2006,0.14144736842105263
North Macedonia,2006,0.14144736842105263
Mozambique,2006,0.14144736842105263
Serbie-Monténégro,2006,0.14144736842105263
Chile,2006,0.14230263157894738
Japan,2006,0.14802631578947367
Dominican Republic,2006,0.14967105263157895
Botswana,2006,0.1513157894736842
Croatia,2006,0.1513157894736842
Tonga,2006,0.1513157894736842
Uruguay,2006,0.15625
Fiji,2006,0.15789473684210525
Hong Kong,2006,0.15789473684210525
Poland,2006,0.15789473684210525
Romania,2006,0.15789473684210525
Northern Cyprus,2006,0.1611842105263158
Guinea Bissau,2006,0.1611842105263158
Honduras,2006,0.1611842105263158
Central African Republic,2006,0.1611842105263158
Madagascar,2006,0.16447368421052633
Togo,2006,0.16447368421052633
Ecuador,2006,0.16611842105263158
Nicaragua,2006,0.16776315789473684
Burkina Faso,2006,0.17105263157894737
Kosovo,2006,0.17105263157894737
Lesotho,2006,0.17105263157894737
Congo-Brazzaville,2006,0.17763157894736842
Kuwait,2006,0.17763157894736842
Brazil,2006,0.17875000000000002
Argentina,2006,0.17960526315789474
United Arab Emirates,2006,0.18092105263157895
Mauritania,2006,0.18092105263157895
Senegal,2006,0.18092105263157895
Albania,2006,0.18421052631578946
Qatar,2006,0.18421052631578946
Paraguay,2006,0.18585526315789475
Timor-Leste,2006,0.1875
Liberia,2006,0.19078947368421054
Moldova,2006,0.1919078947368421
Mongolia,2006,0.1924342105263158
Haiti,2006,0.19407894736842105
Tanzania,2006,0.1961842105263158
Georgia,2006,0.20394736842105263
Guatemala,2006,0.20559210526315788
Angola,2006,0.20723684210526316
Malaysia,2006,0.21217105263157895
Comoros,2006,0.2138157894736842
Zambia,2006,0.2138157894736842
Niger,2006,0.22697368421052633
Seychelles,2006,0.22697368421052633
Morocco / Western Sahara,2006,0.22914473684210526
Bhutan,2006,0.23026315789473684
Ivory Coast,2006,0.23026315789473684
Türkiye,2006,0.23026315789473684
Armenia,2006,0.23355263157894737
Malawi,2006,0.23355263157894737
Indonesia,2006,0.23684210526315788
Sierra Leone,2006,0.23684210526315788
India,2006,0.24013157894736842
Ukraine,2006,0.24013157894736842
Lebanon,2006,0.24342105263157895
Cambodia,2006,0.2450657894736842
Guinea,2006,0.24671052631578946
Jordan,2006,0.24671052631578946
Bahrain,2006,0.25
Cameroon,2006,0.25164473684210525
Peru,2006,0.25164473684210525
Gabon,2006,0.2532894736842105
Venezuela,2006,0.2565789473684211
Uganda,2006,0.2620394736842105
Tajikistan,2006,0.2631578947368421
Kenya,2006,0.26480263157894735
Nigeria,2006,0.277828947368421
Djibouti,2006,0.28289473684210525
Thailand,2006,0.28618421052631576
Kyrgyzstan,2006,0.2894736842105263
Chad,2006,0.2993421052631579
Burundi,2006,0.32782894736842105
Algeria,2006,0.32894736842105265
Eswatini,2006,0.33223684210526316
Kazakhstan,2006,0.3355263157894737
Rwanda,2006,0.3355263157894737
Afghanistan,2006,0.3569078947368421
Colombia,2006,0.36019736842105265
Mexico,2006,0.3673026315789474
Egypt,2006,0.37006578947368424
Palestine,2006,0.37335526315789475
Azerbaijan,2006,0.375
Bangladesh,2006,0.3815789473684211
Equatorial Guinea,2006,0.3815789473684211
Sudan,2006,0.3824342105263158
Zimbabwe,2006,0.39473684210526316
Sri Lanka,2006,0.3996710526315789
Philippines,2006,0.40131578947368424
Democratic Republic of Congo,2006,0.40131578947368424
Maldives,2006,0.4029605263157895
Somalia,2006,0.4029605263157895
Singapore,2006,0.40460526315789475
Russia,2006,0.41118421052631576
Tunisia,2006,0.4194078947368421
Gambia,2006,0.42105263157894735
Yemen,2006,0.42105263157894735
Belarus,2006,0.4407894736842105
Libya,2006,0.4769736842105263
Syria,2006,0.48026315789473684
Iraq,2006,0.5054605263157894
Vietnam,2006,0.5082236842105263
Laos,2006,0.5098684210526315
Pakistan,2006,0.5284868421052632
Uzbekistan,2006,0.5328947368421053
Nepal,2006,0.5493421052631579
Ethiopia,2006,0.5592105263157895
Saudi Arabia,2006,0.5657894736842105
Iran,2006,0.6636842105263158
China,2006,0.6842105263157895
Myanmar,2006,0.6891447368421053
Cuba,2006,0.6907894736842105
Eritrea,2006,0.7072368421052632
Turkmenistan,2006,0.7138157894736842
North Korea,2006,0.7828947368421053
Iceland,2007,0.07072368421052631
Norway,2007,0.07072368421052631
Estonia,2007,0.07236842105263158
Slovakia,2007,0.07236842105263158
Belgium,2007,0.0756578947368421
Finland,2007,0.0756578947368421
Sweden,2007,0.0756578947368421
Denmark,2007,0.07894736842105263
Ireland,2007,0.07894736842105263
Portugal,2007,0.07894736842105263
Switzerland,2007,0.08552631578947369
Latvia,2007,0.08881578947368421
Netherlands,2007,0.08881578947368421
Czechia,2007,0.09210526315789473
New Zealand,2007,0.09322368421052632
Austria,2007,0.09375
Hungary,2007,0.09539473684210527
Canada,2007,0.09789473684210526
Trinidad and Tobago,2007,0.09868421052631579
Germany,2007,0.10361842105263158
Costa Rica,2007,0.10855263157894737
Slovenia,2007,0.10855263157894737
Lithuania,2007,0.1118421052631579
United Kingdom,2007,0.12006578947368421
Mauritius,2007,0.12171052631578948
Namibia,2007,0.12171052631578948
Jamaica,2007,0.12256578947368423
Australia,2007,0.12361842105263157
Ghana,2007,0.125
Greece,2007,0.12664473684210525
France,2007,0.1299342105263158
Taiwan,2007,0.13157894736842105
Spain,2007,0.13322368421052633
Bosnia-Herzegovina,2007,0.1392763157894737
Italy,2007,0.13980263157894737
North Macedonia,2007,0.14144736842105263
Japan,2007,0.14309210526315788
Uruguay,2007,0.14309210526315788
Chile,2007,0.1455921052631579
South Korea,2007,0.1455921052631579
Croatia,2007,0.14802631578947367
Romania,2007,0.14967105263157895
South Africa,2007,0.1513157894736842
Cabo Verde,2007,0.15789473684210525
Cyprus,2007,0.15789473684210525
Nicaragua,2007,0.15953947368421054
Togo,2007,0.1655921052631579
Mauritania,2007,0.16776315789473684
Bulgaria,2007,0.17269736842105263
Mali,2007,0.17434210526315788
Benin,2007,0.17763157894736842
Panama,2007,0.18342105263157893
Tanzania,2007,0.18421052631578946
Ecuador,2007,0.1875
Poland,2007,0.1875
Northern Cyprus,2007,0.19078947368421054
Montenegro,2007,0.19078947368421054
Kosovo,2007,0.19572368421052633
Hong Kong,2007,0.19736842105263158
Madagascar,2007,0.19736842105263158
Kuwait,2007,0.19848684210526316
El Salvador,2007,0.1986842105263158
United Arab Emirates,2007,0.19901315789473684
Georgia,2007,0.20282894736842105
Serbia,2007,0.20394736842105263
Burkina Faso,2007,0.20723684210526316
Bolivia,2007,0.20723684210526316
Zambia,2007,0.20723684210526316
Central African Republic,2007,0.2138157894736842
Dominican Republic,2007,0.21546052631578946
Mozambique,2007,0.21710526315789475
Mongolia,2007,0.21973684210526315
Botswana,2007,0.22039473684210525
Haiti,2007,0.22039473684210525
Armenia,2007,0.22124999999999997
Kenya,2007,0.22203947368421054
Qatar,2007,0.2236842105263158
Congo-Brazzaville,2007,0.22697368421052633
Moldova,2007,0.22861842105263158
Argentina,2007,0.22914473684210526
Senegal,2007,0.23026315789473684
Brazil,2007,0.23190789473684212
Cambodia,2007,0.23243421052631577
Liberia,2007,0.23243421052631577
Albania,2007,0.23355263157894737
Honduras,2007,0.23355263157894737
Niger,2007,0.23355263157894737
Paraguay,2007,0.23750000000000002
Angola,2007,0.24013157894736842
Malawi,2007,0.24177631578947367
Ukraine,2007,0.24177631578947367
Ivory Coast,2007,0.24342105263157895
Timor-Leste,2007,0.24342105263157895
Comoros,2007,0.25
Uganda,2007,0.25
Lebanon,2007,0.25493421052631576
Lesotho,2007,0.2598684210526316
Indonesia,2007,0.26644736842105265
Türkiye,2007,0.2713815789473684
Gabon,2007,0.2730263157894737
Guatemala,2007,0.28289473684210525
Seychelles,2007,0.28289473684210525
Morocco / Western Sahara,2007,0.2845394736842105
Fiji,2007,0.28618421052631576
Guinea,2007,0.28618421052631576
Guinea Bissau,2007,0.28618421052631576
Kyrgyzstan,2007,0.2868421052631579
Cameroon,2007,0.3026315789473684
Chad,2007,0.3059210526315789
Venezuela,2007,0.308421052631579
Tajikistan,2007,0.3092105263157895
Bhutan,2007,0.31032894736842104
Peru,2007,0.3117105263157895
Bahrain,2007,0.3157894736842105
Tonga,2007,0.31743421052631576
India,2007,0.3245394736842105
Sierra Leone,2007,0.3256578947368421
Jordan,2007,0.33032894736842106
Algeria,2007,0.33223684210526316
Malaysia,2007,0.3355263157894737
Kazakhstan,2007,0.339671052631579
Colombia,2007,0.34427631578947365
Burundi,2007,0.3513157894736842
Philippines,2007,0.36019736842105265
Maldives,2007,0.3629605263157895
Gambia,2007,0.3832236842105263
Nigeria,2007,0.39361842105263156
Djibouti,2007,0.3963815789473684
Democratic Republic of Congo,2007,0.3980263157894737
Bangladesh,2007,0.41559210526315793
Thailand,2007,0.41776315789473684
Mexico,2007,0.4186184210526316
Nepal,2007,0.4194078947368421
Eswatini,2007,0.4243421052631579
Azerbaijan,2007,0.4302631578947369
Sudan,2007,0.43256578947368424
Singapore,2007,0.4342105263157895
Afghanistan,2007,0.4375
Yemen,2007,0.4386184210526316
Russia,2007,0.4401315789473685
Tunisia,2007,0.4407894736842105
Egypt,2007,0.4473684210526316
Rwanda,2007,0.4531578947368421
Saudi Arabia,2007,0.4588815789473684
Zimbabwe,2007,0.47368421052631576
Ethiopia,2007,0.48026315789473684
Belarus,2007,0.4844078947368421
Pakistan,2007,0.4923026315789474
Equatorial Guinea,2007,0.49506578947368424
Syria,2007,0.5
Libya,2007,0.5032894736842105
Sri Lanka,2007,0.5098684210526315
Iraq,2007,0.5120394736842105
Palestine,2007,0.5251973684210526
Somalia,2007,0.5361842105263158
Uzbekistan,2007,0.5584210526315789
Laos,2007,0.5592105263157895
Vietnam,2007,0.587171052631579
China,2007,0.6513157894736842
Myanmar,2007,0.6825657894736842
Cuba,2007,0.6984868421052631
Iran,2007,0.7006578947368421
Turkmenistan,2007,0.7483552631578947
North Korea,2007,0.78125
Eritrea,2007,0.8207236842105263
Iceland,2008,0.0756578947368421
Luxembourg,2008,0.0756578947368421
Norway,2008,0.0756578947368421
Estonia,2008,0.07894736842105263
Finland,2008,0.07894736842105263
Ireland,2008,0.07894736842105263
Belgium,2008,0.08552631578947369
Switzerland,2008,0.08552631578947369
Latvia,2008,0.08552631578947369
New Zealand,2008,0.08552631578947369
Slovakia,2008,0.08552631578947369
Sweden,2008,0.08552631578947369
Canada,2008,0.08769736842105263
Austria,2008,0.08881578947368421
Denmark,2008,0.08881578947368421
Czechia,2008,0.09210526315789473
Lithuania,2008,0.09210526315789473
Netherlands,2008,0.09210526315789473
Portugal,2008,0.09210526315789473
Germany,2008,0.09539473684210527
Jamaica,2008,0.09789473684210526
Costa Rica,2008,0.0993421052631579
United Kingdom,2008,0.10197368421052631
Hungary,2008,0.10197368421052631
Namibia,2008,0.10197368421052631
Suriname,2008,0.10526315789473684
Trinidad and Tobago,2008,0.10611842105263157
Australia,2008,0.1069078947368421
Japan,2008,0.10855263157894737
Slovenia,2008,0.11401315789473683
Cyprus,2008,0.11513157894736842
Ghana,2008,0.11513157894736842
Greece,2008,0.11513157894736842
Mali,2008,0.11513157894736842
France,2008,0.11625
Bosnia-Herzegovina,2008,0.11842105263157894
Cabo Verde,2008,0.11842105263157894
Spain,2008,0.11842105263157894
Taiwan,2008,0.11842105263157894
South Africa,2008,0.11842105263157894
North Macedonia,2008,0.12006578947368421
Uruguay,2008,0.12059210526315789
Italy,2008,0.1211842105263158
Croatia,2008,0.12171052631578948
South Korea,2008,0.125
Mauritius,2008,0.125
Poland,2008,0.125
Romania,2008,0.125
Hong Kong,2008,0.1299342105263158
Liberia,2008,0.1299342105263158
Northern Cyprus,2008,0.13157894736842105
Montenegro,2008,0.13157894736842105
Togo,2008,0.13157894736842105
Chile,2008,0.14144736842105263
Panama,2008,0.14361842105263156
Kosovo,2008,0.14473684210526316
Bulgaria,2008,0.14802631578947367
Nicaragua,2008,0.14802631578947367
Kuwait,2008,0.14888157894736845
El Salvador,2008,0.15
Burkina Faso,2008,0.1513157894736842
Serbia,2008,0.15460526315789475
Timor-Leste,2008,0.15625
Botswana,2008,0.15789473684210525
Lebanon,2008,0.15789473684210525
Argentina,2008,0.15842105263157893
United Arab Emirates,2008,0.1611842105263158
Benin,2008,0.16447368421052633
Malawi,2008,0.16447368421052633
Tanzania,2008,0.16447368421052633
Haiti,2008,0.16532894736842108
Bhutan,2008,0.16776315789473684
Ecuador,2008,0.16776315789473684
Qatar,2008,0.16776315789473684
Seychelles,2008,0.16776315789473684
Zambia,2008,0.16776315789473684
Albania,2008,0.17105263157894737
Fiji,2008,0.17105263157894737
Guinea Bissau,2008,0.1732236842105263
Brazil,2008,0.18421052631578946
Dominican Republic,2008,0.18421052631578946
Tonga,2008,0.18421052631578946
Central African Republic,2008,0.1875
Senegal,2008,0.19078947368421054
Ukraine,2008,0.1924342105263158
Guyana,2008,0.19572368421052633
Comoros,2008,0.19736842105263158
Mozambique,2008,0.20065789473684212
Paraguay,2008,0.20065789473684212
Congo-Brazzaville,2008,0.20230263157894737
Mongolia,2008,0.20282894736842105
Burundi,2008,0.20394736842105263
Madagascar,2008,0.20394736842105263
Bahrain,2008,0.20506578947368423
Kenya,2008,0.20559210526315788
Moldova,2008,0.20644736842105263
Guinea,2008,0.20723684210526316
Honduras,2008,0.20723684210526316
Guatemala,2008,0.21473684210526317
Armenia,2008,0.21546052631578946
Türkiye,2008,0.21546052631578946
Maldives,2008,0.21875
Mauritania,2008,0.22289473684210523
Tajikistan,2008,0.23355263157894737
Uganda,2008,0.23684210526315788
Peru,2008,0.23848684210526316
Ivory Coast,2008,0.24013157894736842
Gabon,2008,0.24177631578947367
Indonesia,2008,0.24342105263157895
Kyrgyzstan,2008,0.24342105263157895
Venezuela,2008,0.2455921052631579
Sierra Leone,2008,0.24835526315789475
Bolivia,2008,0.2513157894736842
Angola,2008,0.2598684210526316
Lesotho,2008,0.2598684210526316
India,2008,0.2631578947368421
Georgia,2008,0.2713815789473684
Algeria,2008,0.27190789473684207
Morocco / Western Sahara,2008,0.2779605263157895
Oman,2008,0.28072368421052635
Thailand,2008,0.29276315789473684
Kazakhstan,2008,0.2982236842105263
Colombia,2008,0.2993421052631579
Cambodia,2008,0.2993421052631579
Jordan,2008,0.3026315789473684
Cameroon,2008,0.30855263157894736
Niger,2008,0.3092105263157895
Nigeria,2008,0.31414473684210525
Malaysia,2008,0.3256578947368421
Chad,2008,0.3371710526315789
Djibouti,2008,0.33881578947368424
Sudan,2008,0.34210526315789475
Bangladesh,2008,0.34671052631578947
Gambia,2008,0.3470394736842105
Nepal,2008,0.3503289473684211
Philippines,2008,0.3618421052631579
Mexico,2008,0.3692763157894737
Russia,2008,0.3782894736842105
Ethiopia,2008,0.37993421052631576
Tunisia,2008,0.38223684210526315
Singapore,2008,0.3881578947368421
Rwanda,2008,0.39473684210526316
Egypt,2008,0.3963815789473684
Eswatini,2008,0.3980263157894737
Democratic Republic of Congo,2008,0.4029605263157895
Azerbaijan,2008,0.4186184210526316
Zimbabwe,2008,0.42105263157894735
Pakistan,2008,0.42684210526315786
Somalia,2008,0.4473684210526316
Belarus,2008,0.4495394736842105
Yemen,2008,0.45394736842105265
Afghanistan,2008,0.4555921052631579
Equatorial Guinea,2008,0.4555921052631579
Iraq,2008,0.4564473684210526
Syria,2008,0.45809210526315786
Libya,2008,0.47039473684210525
Saudi Arabia,2008,0.4720394736842105
Uzbekistan,2008,0.47828947368421054
Palestine,2008,0.5057894736842105
Laos,2008,0.5263157894736842
Sri Lanka,2008,0.5789473684210527
Iran,2008,0.5942763157894737
China,2008,0.6282894736842105
Vietnam,2008,0.6326973684210526
Cuba,2008,0.6469078947368421
Myanmar,2008,0.6867105263157894
Turkmenistan,2008,0.694078947368421
North Korea,2008,0.7006578947368421
Eritrea,2008,0.7072368421052632
Denmark,2009,0.06578947368421052
Finland,2009,0.06578947368421052
Ireland,2009,0.06578947368421052
Norway,2009,0.06578947368421052
Sweden,2009,0.06578947368421052
Estonia,2009,0.06907894736842106
Switzerland,2009,0.07236842105263158
Netherlands,2009,0.07236842105263158
Iceland,2009,0.07894736842105263
Lithuania,2009,0.0805921052631579
Belgium,2009,0.08223684210526316
Malta,2009,0.08223684210526316
Austria,2009,0.08552631578947369
Latvia,2009,0.08552631578947369
New Zealand,2009,0.08552631578947369
Australia,2009,0.08638157894736842
Japan,2009,0.08717105263157894
Germany,2009,0.08881578947368421
Canada,2009,0.09013157894736841
United Kingdom,2009,0.09210526315789473
Luxembourg,2009,0.09210526315789473
Jamaica,2009,0.09703947368421052
Czechia,2009,0.09868421052631579
Cyprus,2009,0.10197368421052631
Hungary,2009,0.10197368421052631
Ghana,2009,0.10526315789473684
Trinidad and Tobago,2009,0.1118421052631579
Uruguay,2009,0.11598684210526315
Costa Rica,2009,0.11842105263157894
Mali,2009,0.11842105263157894
Portugal,2009,0.11842105263157894
South Africa,2009,0.12171052631578948
North Macedonia,2009,0.12335526315789473
Greece,2009,0.125
Namibia,2009,0.125
Poland,2009,0.12828947368421054
Slovenia,2009,0.12828947368421054
Bosnia-Herzegovina,2009,0.13486842105263158
Chile,2009,0.13486842105263158
Guyana,2009,0.13486842105263158
Suriname,2009,0.1355263157894737
France,2009,0.13598684210526316
Cabo Verde,2009,0.13815789473684212
Spain,2009,0.13815789473684212
Slovakia,2009,0.13815789473684212
Argentina,2009,0.14032894736842105
Hong Kong,2009,0.14309210526315788
Italy,2009,0.1456578947368421
Romania,2009,0.14802631578947367
Northern Cyprus,2009,0.15789473684210525
Maldives,2009,0.15789473684210525
Mauritius,2009,0.15789473684210525
Paraguay,2009,0.1600657894736842
Panama,2009,0.1611842105263158
Papua New Guinea,2009,0.1625
Burkina Faso,2009,0.16447368421052633
Haiti,2009,0.16447368421052633
Taiwan,2009,0.16499999999999998
Kuwait,2009,0.16611842105263158
Lebanon,2009,0.16723684210526316
Botswana,2009,0.16776315789473684
Liberia,2009,0.16776315789473684
Malawi,2009,0.16776315789473684
Serbia,2009,0.16776315789473684
Togo,2009,0.16776315789473684
Tanzania,2009,0.16776315789473684
Bulgaria,2009,0.16848684210526316
South Korea,2009,0.16888157894736844
Bhutan,2009,0.16940789473684212
Brazil,2009,0.17026315789473687
Benin,2009,0.17105263157894737
Seychelles,2009,0.17105263157894737
Timor-Leste,2009,0.17105263157894737
Kosovo,2009,0.17486842105263156
Nicaragua,2009,0.17598684210526316
Montenegro,2009,0.17763157894736842
Croatia,2009,0.17875000000000002
El Salvador,2009,0.17927631578947367
Central African Republic,2009,0.1825657894736842
Georgia,2009,0.18967105263157893
Comoros,2009,0.19078947368421054
Mozambique,2009,0.19078947368421054
Ecuador,2009,0.19736842105263158
Peru,2009,0.2031578947368421
United Arab Emirates,2009,0.20723684210526316
Uganda,2009,0.20723684210526316
Albania,2009,0.20888157894736842
Senegal,2009,0.21052631578947367
Ukraine,2009,0.21052631578947367
Mongolia,2009,0.21927631578947368
Guinea Bissau,2009,0.22039473684210525
Qatar,2009,0.2236842105263158
Bolivia,2009,0.2248026315789474
Kenya,2009,0.23026315789473684
Zambia,2009,0.24177631578947367
Dominican Republic,2009,0.24230263157894735
Lesotho,2009,0.24671052631578946
Guinea,2009,0.2532894736842105
Indonesia,2009,0.2532894736842105
Mauritania,2009,0.2532894736842105
Burundi,2009,0.2565789473684211
Ivory Coast,2009,0.2565789473684211
India,2009,0.25875
Guatemala,2009,0.2598684210526316
Oman,2009,0.2598684210526316
Cameroon,2009,0.26644736842105265
Djibouti,2009,0.26973684210526316
Armenia,2009,0.27059210526315786
Jordan,2009,0.2755263157894737
Tajikistan,2009,0.27631578947368424
Moldova,2009,0.2878289473684211
Sierra Leone,2009,0.2894736842105263
Congo-Brazzaville,2009,0.2911184210526316
Cambodia,2009,0.29717105263157895
Nepal,2009,0.30019736842105266
Angola,2009,0.3059210526315789
Bahrain,2009,0.3059210526315789
Bangladesh,2009,0.3113815789473684
Philippines,2009,0.31743421052631576
Türkiye,2009,0.31743421052631576
Venezuela,2009,0.3256578947368421
Kyrgyzstan,2009,0.32894736842105265
Colombia,2009,0.3298026315789474
Morocco / Western Sahara,2009,0.3355263157894737
Honduras,2009,0.34210526315789475
Gabon,2009,0.3519736842105263
Thailand,2009,0.35526315789473684
Malaysia,2009,0.3569078947368421
Chad,2009,0.35855263157894735
Singapore,2009,0.3618421052631579
Madagascar,2009,0.3673026315789474
Nigeria,2009,0.3684210526315789
Zimbabwe,2009,0.3717105263157895
Gambia,2009,0.3832236842105263
Mexico,2009,0.3832236842105263
Niger,2009,0.3848684210526316
Ethiopia,2009,0.3881578947368421
Algeria,2009,0.39184210526315794
Kazakhstan,2009,0.3925657894736842
Egypt,2009,0.40381578947368424
Eswatini,2009,0.41118421052631576
Iraq,2009,0.4164473684210526
Azerbaijan,2009,0.41776315789473684
Democratic Republic of Congo,2009,0.41776315789473684
Sudan,2009,0.42105263157894735
Afghanistan,2009,0.42269736842105265
Belarus,2009,0.45723684210526316
Fiji,2009,0.4605263157894737
Russia,2009,0.4663157894736842
Tunisia,2009,0.47039473684210525
Brunei,2009,0.48355263157894735
Libya,2009,0.4901315789473684
Rwanda,2009,0.49125
Equatorial Guinea,2009,0.4967105263157895
Pakistan,2009,0.49782894736842104
Uzbekistan,2009,0.5109868421052631
Palestine,2009,0.5251973684210526
Sri Lanka,2009,0.5592105263157895
Saudi Arabia,2009,0.569078947368421
Somalia,2009,0.5756578947368421
Syria,2009,0.5789473684210527
Vietnam,2009,0.6030921052631579
Yemen,2009,0.6143421052631579
China,2009,0.6217105263157895
Laos,2009,0.6710526315789473
Cuba,2009,0.6842105263157895
Myanmar,2009,0.74125
Iran,2009,0.7509210526315789
Turkmenistan,2009,0.7697368421052632
North Korea,2009,0.805921052631579
Eritrea,2009,0.8256578947368421
Finland,2010,0.06578947368421052
Iceland,2010,0.06578947368421052
Norway,2010,0.06578947368421052
Netherlands,2010,0.06578947368421052
Sweden,2010,0.06578947368421052
Switzerland,2010,0.06578947368421052
Austria,2010,0.06907894736842106
New Zealand,2010,0.0756578947368421
Estonia,2010,0.07894736842105263
Ireland,2010,0.07894736842105263
Denmark,2010,0.08223684210526316
Japan,2010,0.08223684210526316
Lithuania,2010,0.08223684210526316
Belgium,2010,0.09210526315789473
Luxembourg,2010,0.09210526315789473
Malta,2010,0.09210526315789473
Germany,2010,0.09375
Australia,2010,0.10118421052631578
United Kingdom,2010,0.10526315789473684
Canada,2010,0.1118421052631579
Namibia,2010,0.1118421052631579
Hungary,2010,0.11513157894736842
Czechia,2010,0.11513157894736842
Jamaica,2010,0.11625
Cabo Verde,2010,0.11842105263157894
Ghana,2010,0.11842105263157894
Mali,2010,0.11842105263157894
Costa Rica,2010,0.11894736842105262
Latvia,2010,0.12171052631578948
Trinidad and Tobago,2010,0.12171052631578948
Poland,2010,0.1242105263157895
Chile,2010,0.13486842105263158
Hong Kong,2010,0.13651315789473684
Slovakia,2010,0.14144736842105263
Suriname,2010,0.14144736842105263
Uruguay,2010,0.14309210526315788
South Africa,2010,0.14473684210526316
Spain,2010,0.14638157894736842
Portugal,2010,0.14710526315789474
Tanzania,2010,0.1513157894736842
South Korea,2010,0.15348684210526314
Papua New Guinea,2010,0.15348684210526314
France,2010,0.15381578947368424
Cyprus,2010,0.1539473684210526
Slovenia,2010,0.15421052631578946
Bosnia-Herzegovina,2010,0.15460526315789475
Taiwan,2010,0.1611842105263158
Burkina Faso,2010,0.16447368421052633
Italy,2010,0.16447368421052633
El Salvador,2010,0.16993421052631577
Maldives,2010,0.17105263157894737
Romania,2010,0.17105263157894737
Paraguay,2010,0.17269736842105263
Argentina,2010,0.17335526315789473
Haiti,2010,0.17355263157894738
OECS,2010,0.17434210526315788
Brazil,2010,0.17500000000000002
Guyana,2010,0.17519736842105263
Togo,2010,0.17763157894736842
Northern Cyprus,2010,0.17927631578947367
Botswana,2010,0.18092105263157895
Croatia,2010,0.18092105263157895
Bhutan,2010,0.1825657894736842
Mauritius,2010,0.18421052631578946
Seychelles,2010,0.18421052631578946
Guinea Bissau,2010,0.18585526315789475
North Macedonia,2010,0.1868421052631579
Central African Republic,2010,0.1875
Benin,2010,0.19078947368421054
Bulgaria,2010,0.19078947368421054
Comoros,2010,0.19078947368421054
Greece,2010,0.19078947368421054
Kenya,2010,0.19078947368421054
Moldova,2010,0.19164473684210526
Mongolia,2010,0.1935526315789474
Guatemala,2010,0.19901315789473684
Lebanon,2010,0.20065789473684212
Malawi,2010,0.20394736842105263
Albania,2010,0.20723684210526316
Panama,2010,0.2094078947368421
Zambia,2010,0.21052631578947367
Nicaragua,2010,0.2126973684210526
Liberia,2010,0.2138157894736842
Serbia,2010,0.21710526315789475
United Arab Emirates,2010,0.22203947368421054
Kuwait,2010,0.22203947368421054
Tonga,2010,0.22203947368421054
Lesotho,2010,0.2236842105263158
Sierra Leone,2010,0.22532894736842105
Kosovo,2010,0.22914473684210526
Senegal,2010,0.23026315789473684
Timor-Leste,2010,0.23026315789473684
Mauritania,2010,0.2327631578947368
Uganda,2010,0.23355263157894737
Dominican Republic,2010,0.2376973684210526
Mozambique,2010,0.24013157894736842
Georgia,2010,0.24342105263157895
Armenia,2010,0.24671052631578946
Ecuador,2010,0.24671052631578946
Bolivia,2010,0.2508552631578947
Angola,2010,0.2532894736842105
Montenegro,2010,0.2532894736842105
Niger,2010,0.2532894736842105
Gabon,2010,0.25493421052631576
Burundi,2010,0.2557894736842105
Peru,2010,0.2631578947368421
Djibouti,2010,0.26644736842105265
Samoa,2010,0.28289473684210525
Chad,2010,0.28401315789473686
Guinea,2010,0.28618421052631576
Congo-Brazzaville,2010,0.2868421052631579
Tajikistan,2010,0.29276315789473684
Madagascar,2010,0.29526315789473684
Indonesia,2010,0.3015131578947368
Ivory Coast,2010,0.3026315789473684
Nepal,2010,0.3051315789473684
Jordan,2010,0.3092105263157895
Qatar,2010,0.3157894736842105
India,2010,0.3207236842105263
Zimbabwe,2010,0.3256578947368421
Oman,2010,0.3305921052631579
Gambia,2010,0.33223684210526316
Bangladesh,2010,0.34539473684210525
Egypt,2010,0.3508552631578947
Cambodia,2010,0.35414473684210523
Cameroon,2010,0.35723684210526313
Iraq,2010,0.36565789473684207
Ukraine,2010,0.3738815789473684
Algeria,2010,0.37717105263157896
Venezuela,2010,0.37717105263157896
Morocco / Western Sahara,2010,0.37763157894736843
Mexico,2010,0.3782894736842105
Singapore,2010,0.3782894736842105
Türkiye,2010,0.38980263157894735
Ethiopia,2010,0.39065789473684215
Russia,2010,0.39407894736842103
Malaysia,2010,0.3996710526315789
Brunei,2010,0.40131578947368424
Honduras,2010,0.402171052631579
Bahrain,2010,0.40381578947368424
Colombia,2010,0.40460526315789475
Nigeria,2010,0.40460526315789475
Afghanistan,2010,0.40572368421052635
Democratic Republic of Congo,2010,0.40677631578947365
Fiji,2010,0.4128289473684211
Palestine,2010,0.4350657894736842
Pakistan,2010,0.43532894736842104
Azerbaijan,2010,0.43671052631578944
Thailand,2010,0.43967105263157896
Belarus,2010,0.4407894736842105
Eswatini,2010,0.4440789473684211
Philippines,2010,0.4605263157894737
Saudi Arabia,2010,0.47039473684210525
Sri Lanka,2010,0.4769736842105263
Kyrgyzstan,2010,0.48026315789473684
Libya,2010,0.48355263157894735
Somalia,2010,0.5
Kazakhstan,2010,0.5164473684210527
Uzbekistan,2010,0.5361842105263158
Tunisia,2010,0.5427631578947368
Vietnam,2010,0.5641447368421053
Cuba,2010,0.5789473684210527
Equatorial Guinea,2010,0.5855263157894737
Laos,2010,0.5953947368421053
Rwanda,2010,0.5986842105263158
Yemen,2010,0.6061184210526316
China,2010,0.6228289473684211
Sudan,2010,0.6271710526315789
Syria,2010,0.6677631578947368
Myanmar,2010,0.6875
Iran,2010,0.6878947368421052
Turkmenistan,2010,0.6929605263157894
North Korea,2010,0.7549342105263158
Eritrea,2010,0.756578947368421
Finland,2012,0.0
Norway,2012,0.0
Estonia,2012,0.006578947368421052
Netherlands,2012,0.006578947368421052
Austria,2012,0.013157894736842105
Iceland,2012,0.019736842105263157
Luxembourg,2012,0.019736842105263157
Switzerland,2012,0.024999999999999998
Cabo Verde,2012,0.02631578947368421
Canada,2012,0.028486842105263158
Denmark,2012,0.028486842105263158
Sweden,2012,0.029605263157894735
New Zealand,2012,0.030723684210526316
Czechia,2012,0.03289473684210526
Ireland,2012,0.039473684210526314
Cyprus,2012,0.046052631578947366
Jamaica,2012,0.046052631578947366
Germany,2012,0.046052631578947366
Costa Rica,2012,0.05098684210526316
Belgium,2012,0.05263157894736842
Namibia,2012,0.05263157894736842
Japan,2012,0.05921052631578947
Suriname,2012,0.05921052631578947
Poland,2012,0.06138157894736842
Mali,2012,0.06578947368421052
OECS,2012,0.06578947368421052
Slovakia,2012,0.06578947368421052
United Kingdom,2012,0.07894736842105263
Niger,2012,0.08223684210526316
Australia,2012,0.09210526315789473
Lithuania,2012,0.09210526315789473
Uruguay,2012,0.09375
Portugal,2012,0.10085526315789474
Tanzania,2012,0.10526315789473684
Papua New Guinea,2012,0.125
Slovenia,2012,0.12592105263157896
El Salvador,2012,0.12697368421052632
France,2012,0.12828947368421054
Spain,2012,0.1299342105263158
Hungary,2012,0.13157894736842105
Ghana,2012,0.13815789473684212
South Africa,2012,0.14473684210526316
Botswana,2012,0.14473684210526316
South Korea,2012,0.14914473684210527
Comoros,2012,0.1513157894736842
Taiwan,2012,0.1513157894736842
Argentina,2012,0.15789473684210525
Romania,2012,0.15789473684210525
Latvia,2012,0.16447368421052633
Trinidad and Tobago,2012,0.16447368421052633
Haiti,2012,0.16888157894736844
Moldova,2012,0.17105263157894737
Hong Kong,2012,0.17763157894736842
Mauritius,2012,0.17763157894736842
Samoa,2012,0.17763157894736842
Malta,2012,0.19407894736842105
Bosnia-Herzegovina,2012,0.19407894736842105
Guyana,2012,0.19407894736842105
Italy,2012,0.19519736842105265
Central African Republic,2012,0.19736842105263158
Lesotho,2012,0.20394736842105263
Sierra Leone,2012,0.20394736842105263
Tonga,2012,0.20394736842105263
Mozambique,2012,0.20723684210526316
Mauritania,2012,0.21184210526315791
Croatia,2012,0.21927631578947368
Burkina Faso,2012,0.21927631578947368
Bhutan,2012,0.2236842105263158
Greece,2012,0.2236842105263158
Nicaragua,2012,0.22585526315789473
Maldives,2012,0.23026315789473684
Seychelles,2012,0.23026315789473684
Guinea Bissau,2012,0.23684210526315788
Senegal,2012,0.23684210526315788
Armenia,2012,0.24342105263157895
Kuwait,2012,0.25
Togo,2012,0.2532894736842105
Serbia,2012,0.2565789473684211
Bulgaria,2012,0.2565789473684211
Chile,2012,0.2565789473684211
Paraguay,2012,0.2565789473684211
Kenya,2012,0.2598684210526316
Madagascar,2012,0.2598684210526316
Guinea,2012,0.2631578947368421
Kosovo,2012,0.2631578947368421
Timor-Leste,2012,0.2631578947368421
Zambia,2012,0.2631578947368421
Congo-Brazzaville,2012,0.2656578947368421
Benin,2012,0.26973684210526316
Lebanon,2012,0.2730263157894737
North Macedonia,2012,0.2741447368421053
Dominican Republic,2012,0.2845394736842105
Albania,2012,0.29236842105263156
Cameroon,2012,0.29605263157894735
Guatemala,2012,0.29605263157894735
Brazil,2012,0.2982236842105263
Mongolia,2012,0.30098684210526316
Gabon,2012,0.3059210526315789
Northern Cyprus,2012,0.3092105263157895
Chad,2012,0.3136184210526316
Ecuador,2012,0.3157894736842105
Georgia,2012,0.3157894736842105
Nepal,2012,0.3207236842105263
Montenegro,2012,0.3223684210526316
Bolivia,2012,0.32894736842105265
Kyrgyzstan,2012,0.32894736842105265
Liberia,2012,0.33223684210526316
South Sudan,2012,0.3371710526315789
United Arab Emirates,2012,0.3618421052631579
Panama,2012,0.36625
Qatar,2012,0.3684210526315789
Peru,2012,0.4029605263157895
Ukraine,2012,0.42105263157894735
Cambodia,2012,0.4276315789473684
Fiji,2012,0.4276315789473684
Oman,2012,0.4276315789473684
Venezuela,2012,0.4276315789473684
Zimbabwe,2012,0.4276315789473684
Algeria,2012,0.4342105263157895
Tajikistan,2012,0.4342105263157895
Malaysia,2012,0.4342105263157895
Brunei,2012,0.4355263157894737
Nigeria,2012,0.4368421052631579
Ethiopia,2012,0.4381578947368421
Jordan,2012,0.4394736842105263
Bangladesh,2012,0.4407894736842105
Burundi,2012,0.4457236842105263
India,2012,0.4473684210526316
Angola,2012,0.4501973684210527
Tunisia,2012,0.4621710526315789
Singapore,2012,0.46710526315789475
Honduras,2012,0.46710526315789475
Thailand,2012,0.47039473684210525
Morocco / Western Sahara,2012,0.4821710526315789
Uganda,2012,0.4868421052631579
Philippines,2012,0.4901315789473684
Gambia,2012,0.4967105263157895
Russia,2012,0.5
Colombia,2012,0.5032894736842105
Eswatini,2012,0.506578947368421
Democratic Republic of Congo,2012,0.5109868421052631
Indonesia,2012,0.5131578947368421
Malawi,2012,0.5131578947368421
Türkiye,2012,0.5263157894736842
Mexico,2012,0.5438815789473684
Afghanistan,2012,0.5526315789473685
Pakistan,2012,0.5592105263157895
Iraq,2012,0.5615789473684211
Palestine,2012,0.5657894736842105
Kazakhstan,2012,0.5756578947368421
Libya,2012,0.5756578947368421
Rwanda,2012,0.5986842105263158
Uzbekistan,2012,0.6118421052631579
Saudi Arabia,2012,0.6134868421052632
Ivory Coast,2012,0.6151315789473685
Djibouti,2012,0.6151315789473685
Equatorial Guinea,2012,0.631578947368421
Azerbaijan,2012,0.6398026315789473
Sri Lanka,2012,0.6414473684210527
Somalia,2012,0.6469078947368421
Laos,2012,0.6513157894736842
Egypt,2012,0.7072368421052632
Cuba,2012,0.7159868421052632
Belarus,2012,0.7171052631578947
Myanmar,2012,0.7236842105263158
Sudan,2012,0.7286184210526315
Yemen,2012,0.7302631578947368
Vietnam,2012,0.8157894736842105
Bahrain,2012,0.8881578947368421
China,2012,0.9605263157894737
Iran,2012,0.9644736842105263
Syria,2012,0.9736842105263158
Turkmenistan,2012,0.99125
North Korea,2012,0.993421052631579
Eritrea,2012,1.0
Finland,2013,0.6817105263157895
Netherlands,2013,0.6810526315789474
Norway,2013,0.6807894736842105
Luxembourg,2013,0.6797368421052631
Andorra,2013,0.6788157894736843
Denmark,2013,0.6771052631578948
Liechtenstein,2013,0.6753289473684211
New Zealand,2013,0.6685526315789474
Iceland,2013,0.6678289473684211
Sweden,2013,0.6629605263157895
Estonia,2013,0.6627631578947368
Austria,2013,0.6618421052631579
Jamaica,2013,0.6586842105263159
Switzerland,2013,0.6582894736842105
Ireland,2013,0.6575
Czechia,2013,0.6567763157894737
Germany,2013,0.6563157894736843
Costa Rica,2013,0.6442105263157895
Namibia,2013,0.6414473684210527
Canada,2013,0.6401973684210527
Belgium,2013,0.6385526315789474
Poland,2013,0.6374342105263158
Slovakia,2013,0.6365131578947368
Cyprus,2013,0.6326973684210526
Cabo Verde,2013,0.6294078947368421
Australia,2013,0.623421052631579
Uruguay,2013,0.6189473684210526
Portugal,2013,0.6134868421052632
United Kingdom,2013,0.6125657894736842
Ghana,2013,0.6100657894736843
Suriname,2013,0.6040131578947369
United States,2013,0.6038157894736842
Lithuania,2013,0.6036842105263158
OECS,2013,0.5939473684210527
Slovenia,2013,0.5888815789473685
Spain,2013,0.5888157894736842
France,2013,0.5815789473684211
El Salvador,2013,0.5732894736842106
Latvia,2013,0.5730921052631579
Botswana,2013,0.5729605263157895
Papua New Guinea,2013,0.5725657894736842
Romania,2013,0.5720394736842106
Niger,2013,0.5718421052631579
Trinidad and Tobago,2013,0.5715789473684211
Malta,2013,0.5703947368421053
Burkina Faso,2013,0.5677631578947369
Taiwan,2013,0.5669736842105264
Samoa,2013,0.5668421052631579
Haiti,2013,0.5651973684210526
South Korea,2013,0.5626315789473684
Comoros,2013,0.5623684210526316
South Africa,2013,0.5621052631578948
Japan,2013,0.5580921052631579
Argentina,2013,0.5548026315789474
Moldova,2013,0.5525657894736842
Hungary,2013,0.5520394736842105
Italy,2013,0.5519078947368421
Hong Kong,2013,0.5515789473684211
Senegal,2013,0.5513815789473684
Chile,2013,0.5510526315789473
Sierra Leone,2013,0.5503289473684211
Mauritius,2013,0.5495394736842105
Serbia,2013,0.54875
Croatia,2013,0.5486184210526316
Central African Republic,2013,0.5486184210526316
Tonga,2013,0.5480263157894737
Mauritania,2013,0.5476315789473684
Bosnia-Herzegovina,2013,0.5469736842105263
Guyana,2013,0.5455263157894737
Tanzania,2013,0.5438157894736841
Kenya,2013,0.5407894736842106
Zambia,2013,0.5399342105263157
Mozambique,2013,0.539407894736842
Armenia,2013,0.5392105263157895
Malawi,2013,0.5382894736842104
Congo-Brazzaville,2013,0.5381578947368421
Kuwait,2013,0.5376315789473685
Nicaragua,2013,0.5374342105263158
Benin,2013,0.5373026315789474
Dominican Republic,2013,0.5372368421052631
Lesotho,2013,0.5371052631578948
Bhutan,2013,0.5367105263157894
Togo,2013,0.5365131578947369
Greece,2013,0.5364473684210527
Kosovo,2013,0.5363815789473684
Guinea,2013,0.53625
Bulgaria,2013,0.5356578947368421
Madagascar,2013,0.5353947368421053
Gabon,2013,0.5349342105263158
Timor-Leste,2013,0.5347368421052632
Paraguay,2013,0.5343421052631578
Guinea Bissau,2013,0.5332894736842105
Seychelles,2013,0.5316447368421052
Northern Cyprus,2013,0.5306578947368421
Guatemala,2013,0.5303289473684211
Ivory Coast,2013,0.5278289473684211
Liberia,2013,0.5270394736842106
Mongolia,2013,0.5267763157894736
Mali,2013,0.5261184210526316
Georgia,2013,0.5257236842105263
Lebanon,2013,0.5253289473684211
Albania,2013,0.5205263157894737
Maldives,2013,0.5190789473684211
Uganda,2013,0.5151973684210527
Peru,2013,0.5140131578947368
Kyrgyzstan,2013,0.5118421052631579
Fiji,2013,0.5086184210526316
Brazil,2013,0.5082236842105263
Bolivia,2013,0.5078947368421053
Qatar,2013,0.5075
Panama,2013,0.5069078947368421
Israel,2013,0.5067763157894737
Montenegro,2013,0.5067763157894737
United Arab Emirates,2013,0.5033552631578948
Nigeria,2013,0.4992763157894737
North Macedonia,2013,0.4982236842105263
Venezuela,2013,0.4971052631578948
Nepal,2013,0.49598684210526317
Ecuador,2013,0.49546052631578946
Cameroon,2013,0.49486842105263157
Chad,2013,0.4942763157894737
Brunei,2013,0.49046052631578946
Tajikistan,2013,0.48875
South Sudan,2013,0.48552631578947364
Algeria,2013,0.4832894736842106
Ukraine,2013,0.4816447368421053
Honduras,2013,0.4807894736842105
Afghanistan,2013,0.47789473684210526
Colombia,2013,0.4771052631578948
Angola,2013,0.47500000000000003
Libya,2013,0.47460526315789475
Burundi,2013,0.4735526315789473
Zimbabwe,2013,0.47289473684210526
Jordan,2013,0.4705921052631579
Thailand,2013,0.4697368421052632
Morocco / Western Sahara,2013,0.46684210526315795
Ethiopia,2013,0.46335526315789477
Tunisia,2013,0.46098684210526314
Indonesia,2013,0.4536184210526316
India,2013,0.4525
Oman,2013,0.45059210526315796
Democratic Republic of Congo,2013,0.4496052631578948
Cambodia,2013,0.44861842105263156
Bangladesh,2013,0.44730263157894745
Malaysia,2013,0.4425657894736843
Palestine,2013,0.4401973684210526
Philippines,2013,0.4400657894736842
Russia,2013,0.43802631578947365
Singapore,2013,0.4379605263157894
Iraq,2013,0.4298026315789474
Myanmar,2013,0.42953947368421047
Gambia,2013,0.4270394736842105
Mexico,2013,0.4256578947368421
Türkiye,2013,0.41736842105263156
Eswatini,2013,0.4160526315789474
Azerbaijan,2013,0.409671052631579
Belarus,2013,0.40559210526315786
Egypt,2013,0.4035526315789474
Pakistan,2013,0.38611842105263156
Kazakhstan,2013,0.3613157894736842
Rwanda,2013,0.3588157894736842
Sri Lanka,2013,0.3513815789473684
Saudi Arabia,2013,0.3494736842105263
Uzbekistan,2013,0.3263815789473684
Bahrain,2013,0.31085526315789475
Equatorial Guinea,2013,0.28157894736842104
Djibouti,2013,0.2802631578947368
Laos,2013,0.2763815789473684
Yemen,2013,0.2682894736842105
Sudan,2013,0.2627631578947368
Cuba,2013,0.2523684210526316
Vietnam,2013,0.25144736842105264
China,2013,0.24296052631578946
Iran,2013,0.24078947368421053
Somalia,2013,0.2395394736842105
Syria,2013,0.20703947368421052
Turkmenistan,2013,0.2030263157894737
North Korea,2013,0.17171052631578948
Eritrea,2013,0.1655921052631579
Finland,2014,0.6815789473684211
Netherlands,2014,0.6811842105263158
Norway,2014,0.6807894736842105
Luxembourg,2014,0.6796052631578947
Andorra,2014,0.6788157894736843
Liechtenstein,2014,0.6775
Denmark,2014,0.6748026315789474
Iceland,2014,0.6677631578947368
New Zealand,2014,0.6674342105263158
Sweden,2014,0.6646052631578947
Estonia,2014,0.6603289473684211
Austria,2014,0.657828947368421
Czechia,2014,0.6574342105263158
Germany,2014,0.6563815789473684
Switzerland,2014,0.6548026315789474
Ireland,2014,0.6521710526315789
Jamaica,2014,0.6519736842105263
Canada,2014,0.6513815789473685
Poland,2014,0.6511184210526316
Slovakia,2014,0.64875
Costa Rica,2014,0.6432236842105263
Namibia,2014,0.6414473684210527
Belgium,2014,0.6394736842105263
Cabo Verde,2014,0.6294736842105264
Cyprus,2014,0.6286184210526315
Uruguay,2014,0.6178947368421053
Ghana,2014,0.6165131578947368
Australia,2014,0.6124342105263159
Belize,2014,0.6115131578947368
Portugal,2014,0.6070394736842105
Suriname,2014,0.6039473684210526
Lithuania,2014,0.5973684210526315
United Kingdom,2014,0.5925657894736842
Slovenia,2014,0.5896052631578947
Spain,2014,0.5879605263157895
OECS,2014,0.5867763157894736
Latvia,2014,0.5848684210526316
El Salvador,2014,0.5817763157894738
France,2014,0.5796710526315789
Samoa,2014,0.5788157894736843
Botswana,2014,0.5729605263157895
South Africa,2014,0.5711184210526316
Trinidad and Tobago,2014,0.5705263157894737
Papua New Guinea,2014,0.569342105263158
Romania,2014,0.5692105263157895
United States,2014,0.5691447368421053
Haiti,2014,0.5688815789473685
Niger,2014,0.5684868421052631
Italy,2014,0.5674342105263158
Taiwan,2014,0.5669736842105264
Malta,2014,0.5668421052631579
Burkina Faso,2014,0.562828947368421
Comoros,2014,0.5623684210526316
Serbia,2014,0.5588815789473685
Argentina,2014,0.5574342105263158
Moldova,2014,0.5569078947368421
South Korea,2014,0.5548684210526316
Chile,2014,0.5539473684210526
Japan,2014,0.5525
Mauritania,2014,0.5491447368421053
Hong Kong,2014,0.5490131578947368
Senegal,2014,0.5481578947368421
Tonga,2014,0.5480263157894737
Hungary,2014,0.547828947368421
Croatia,2014,0.5472368421052632
Bosnia-Herzegovina,2014,0.5469736842105263
Guyana,2014,0.5455263157894737
Dominican Republic,2014,0.5449342105263157
Tanzania,2014,0.5440789473684211
Mauritius,2014,0.5415131578947369
Nicaragua,2014,0.5414473684210526
Sierra Leone,2014,0.5379605263157895
Malawi,2014,0.5375657894736842
Lesotho,2014,0.5371052631578948
Benin,2014,0.5340131578947368
Togo,2014,0.5328947368421053
Timor-Leste,2014,0.5326315789473683
Armenia,2014,0.5324342105263158
Mozambique,2014,0.5311842105263157
Kosovo,2014,0.5309868421052631
Madagascar,2014,0.5303947368421053
Congo-Brazzaville,2014,0.53
Northern Cyprus,2014,0.5293421052631578
Georgia,2014,0.5277631578947368
Albania,2014,0.5268421052631579
Guinea Bissau,2014,0.5259868421052631
Panama,2014,0.525
Mongolia,2014,0.5243421052631579
Liberia,2014,0.5220394736842104
Kenya,2014,0.5217105263157894
Kuwait,2014,0.5216447368421053
Bhutan,2014,0.5215131578947368
Zambia,2014,0.5204605263157894
Bolivia,2014,0.5194736842105263
Ecuador,2014,0.5186842105263159
Israel,2014,0.5184868421052632
Kyrgyzstan,2014,0.5181578947368422
Gabon,2014,0.5176315789473684
Greece,2014,0.5175657894736843
Bulgaria,2014,0.5169736842105263
Ivory Coast,2014,0.5155921052631579
Guinea,2014,0.515328947368421
Seychelles,2014,0.5152631578947368
Peru,2014,0.5151315789473684
Paraguay,2014,0.5144078947368421
Lebanon,2014,0.5138815789473684
Fiji,2014,0.5094078947368421
Maldives,2014,0.5058552631578948
Central African Republic,2014,0.5057236842105264
Uganda,2014,0.5046710526315789
Brazil,2014,0.4998026315789474
Nigeria,2014,0.498421052631579
Qatar,2014,0.49789473684210533
Montenegro,2014,0.49486842105263157
Tajikistan,2014,0.4943421052631579
Venezuela,2014,0.4909868421052631
Brunei,2014,0.49046052631578946
United Arab Emirates,2014,0.48664473684210524
South Sudan,2014,0.48651315789473687
Nepal,2014,0.48578947368421055
Algeria,2014,0.48513157894736847
Mali,2014,0.48493421052631586
North Macedonia,2014,0.4840131578947368
Angola,2014,0.48355263157894735
Guatemala,2014,0.4828289473684211
Colombia,2014,0.48236842105263156
Ukraine,2014,0.48072368421052625
Afghanistan,2014,0.4798026315789474
Honduras,2014,0.4793421052631579
Thailand,2014,0.47407894736842104
Cameroon,2014,0.47282894736842107
Indonesia,2014,0.4726973684210526
Tunisia,2014,0.4691447368421053
Oman,2014,0.46822368421052635
Zimbabwe,2014,0.4658552631578948
Morocco / Western Sahara,2014,0.4623684210526316
Libya,2014,0.46157894736842103
Palestine,2014,0.45980263157894735
Chad,2014,0.4590789473684211
India,2014,0.4582894736842105
Jordan,2014,0.4577631578947368
Burundi,2014,0.45723684210526316
Ethiopia,2014,0.4567105263157895
Cambodia,2014,0.45414473684210527
Myanmar,2014,0.45111842105263156
Bangladesh,2014,0.44355263157894737
Malaysia,2014,0.4425657894736843
Russia,2014,0.44223684210526315
Philippines,2014,0.43625
Singapore,2014,0.43230263157894744
Democratic Republic of Congo,2014,0.43
Mexico,2014,0.4273684210526316
Iraq,2014,0.4247368421052632
Türkiye,2014,0.4219078947368421
Gambia,2014,0.4182894736842105
Eswatini,2014,0.4160526315789474
Belarus,2014,0.40907894736842104
Pakistan,2014,0.38513157894736844
Egypt,2014,0.38230263157894734
Azerbaijan,2014,0.37585526315789475
Kazakhstan,2014,0.3622368421052632
Rwanda,2014,0.35151315789473686
Bahrain,2014,0.34039473684210525
Saudi Arabia,2014,0.34013157894736845
Sri Lanka,2014,0.3346710526315789
Uzbekistan,2014,0.3223026315789474
Yemen,2014,0.2811842105263158
Equatorial Guinea,2014,0.2766447368421052
Djibouti,2014,0.26092105263157894
Cuba,2014,0.2571052631578947
Laos,2014,0.25513157894736843
Sudan,2014,0.25078947368421056
Iran,2014,0.2480921052631579
Vietnam,2014,0.24763157894736842
China,2014,0.24401315789473688
Somalia,2014,0.24217105263157895
Syria,2014,0.2168421052631579
Turkmenistan,2014,0.19203947368421054
North Korea,2014,0.18447368421052632
Eritrea,2014,0.1655921052631579
Finland,2015,0.6742105263157895
Norway,2015,0.6726973684210527
Denmark,2015,0.6694736842105263
Netherlands,2015,0.6630263157894737
Sweden,2015,0.6613815789473684
New Zealand,2015,0.6575
Austria,2015,0.6523026315789474
Canada,2015,0.6513815789473685
Jamaica,2015,0.6501315789473684
Estonia,2015,0.6500657894736842
Ireland,2015,0.65
Germany,2015,0.6482236842105263
Czechia,2015,0.6472368421052631
Slovakia,2015,0.6469736842105264
Belgium,2015,0.6448684210526315
Costa Rica,2015,0.6430263157894737
Namibia,2015,0.6414473684210527
Poland,2015,0.6400657894736842
Luxembourg,2015,0.6341447368421053
Switzerland,2015,0.6325657894736842
Iceland,2015,0.6324342105263158
Ghana,2015,0.6217105263157895
Uruguay,2015,0.6188157894736842
Cyprus,2015,0.615
Australia,2015,0.6116447368421053
Portugal,2015,0.6111184210526316
Liechtenstein,2015,0.6074342105263157
Latvia,2015,0.6044736842105263
Suriname,2015,0.6039473684210526
Belize,2015,0.6017105263157895
Lithuania,2015,0.6
Andorra,2015,0.5929605263157894
Spain,2015,0.5924342105263157
United Kingdom,2015,0.5921052631578947
Slovenia,2015,0.5884868421052631
Cabo Verde,2015,0.5875657894736842
OECS,2015,0.5853947368421053
France,2015,0.5845394736842104
South Africa,2015,0.5785526315789473
Samoa,2015,0.5768421052631579
Trinidad and Tobago,2015,0.5763815789473684
Botswana,2015,0.5729605263157895
Chile,2015,0.5723684210526315
Tonga,2015,0.5699342105263158
El Salvador,2015,0.5680263157894737
Burkina Faso,2015,0.5671710526315789
Niger,2015,0.5667763157894737
Malta,2015,0.5647368421052632
United States,2015,0.5630921052631579
Comoros,2015,0.5623684210526316
Taiwan,2015,0.5603289473684211
Romania,2015,0.5598684210526316
Haiti,2015,0.5586842105263158
Mongolia,2015,0.5575657894736842
Mauritania,2015,0.5574342105263158
Papua New Guinea,2015,0.5534868421052631
Argentina,2015,0.5519078947368421
Croatia,2015,0.5518421052631579
Malawi,2015,0.5499342105263159
South Korea,2015,0.5490131578947368
Japan,2015,0.5463815789473684
Guyana,2015,0.544671052631579
Dominican Republic,2015,0.5440131578947368
Madagascar,2015,0.5432236842105262
Hungary,2015,0.5431578947368422
Bosnia-Herzegovina,2015,0.5426973684210527
Serbia,2015,0.5417105263157895
Mauritius,2015,0.5415131578947369
Georgia,2015,0.5414473684210526
Hong Kong,2015,0.5410526315789473
Senegal,2015,0.5409868421052632
Moldova,2015,0.5404605263157896
Italy,2015,0.5398684210526316
Nicaragua,2015,0.5398684210526316
Tanzania,2015,0.5388815789473684
Northern Cyprus,2015,0.5373026315789474
Lesotho,2015,0.5371052631578948
Armenia,2015,0.5366447368421052
Sierra Leone,2015,0.5363815789473684
Togo,2015,0.5361842105263158
Guinea Bissau,2015,0.5348684210526315
Albania,2015,0.5344078947368421
Panama,2015,0.5330263157894737
Benin,2015,0.5313157894736843
Mozambique,2015,0.5264473684210526
Ivory Coast,2015,0.5233552631578947
Kosovo,2015,0.5221710526315789
Kyrgyzstan,2015,0.5217763157894737
Liberia,2015,0.5211842105263158
Kuwait,2015,0.5207894736842105
Greece,2015,0.5196710526315789
Peru,2015,0.5183552631578948
Fiji,2015,0.5178947368421053
Bolivia,2015,0.517828947368421
Gabon,2015,0.5172368421052632
Seychelles,2015,0.5161184210526316
Uganda,2015,0.5154605263157894
Lebanon,2015,0.5144078947368421
Brazil,2015,0.5136184210526316
Kenya,2015,0.5126973684210526
Israel,2015,0.5125657894736841
Guinea,2015,0.5094736842105263
Timor-Leste,2015,0.5090131578947369
Bhutan,2015,0.5088815789473684
Nepal,2015,0.5084868421052632
Bulgaria,2015,0.507171052631579
Congo-Brazzaville,2015,0.506578947368421
Ecuador,2015,0.5023026315789473
Paraguay,2015,0.5017105263157895
Central African Republic,2015,0.5010526315789473
Nigeria,2015,0.4994078947368421
Maldives,2015,0.49789473684210533
Zambia,2015,0.49769736842105267
Montenegro,2015,0.49585526315789474
Qatar,2015,0.4911184210526316
Tajikistan,2015,0.48559210526315794
North Macedonia,2015,0.48513157894736847
Mali,2015,0.48467105263157895
Algeria,2015,0.48269736842105265
United Arab Emirates,2015,0.4820394736842106
Brunei,2015,0.48184210526315796
Afghanistan,2015,0.4773684210526316
Angola,2015,0.4747368421052631
Guatemala,2015,0.47421052631578947
South Sudan,2015,0.473421052631579
Tunisia,2015,0.4692105263157894
Oman,2015,0.46822368421052635
Colombia,2015,0.46657894736842104
Ukraine,2015,0.46644736842105267
Morocco / Western Sahara,2015,0.4658552631578948
Zimbabwe,2015,0.4658552631578948
Honduras,2015,0.465328947368421
Cameroon,2015,0.4629605263157895
Thailand,2015,0.46006578947368426
Chad,2015,0.45940789473684207
India,2015,0.4573026315789473
Venezuela,2015,0.45651315789473684
Indonesia,2015,0.4555921052631579
Cambodia,2015,0.4540131578947368
Palestine,2015,0.45388157894736847
Philippines,2015,0.4526973684210526
Ethiopia,2015,0.4484868421052632
Jordan,2015,0.44690789473684217
Myanmar,2015,0.44684210526315793
Burundi,2015,0.44125
Bangladesh,2015,0.44111842105263155
Malaysia,2015,0.43888157894736846
Mexico,2015,0.43625
Türkiye,2015,0.43315789473684213
Democratic Republic of Congo,2015,0.43217105263157896
Gambia,2015,0.4309210526315789
Russia,2015,0.4278289473684211
Singapore,2015,0.4219078947368421
Libya,2015,0.42111842105263153
Eswatini,2015,0.4126315789473684
Iraq,2015,0.4094736842105263
Belarus,2015,0.4080263157894737
Egypt,2015,0.39361842105263156
Pakistan,2015,0.39171052631578945
Kazakhstan,2015,0.3719736842105263
Rwanda,2015,0.35151315789473686
Azerbaijan,2015,0.33940789473684213
Bahrain,2015,0.3375657894736842
Saudi Arabia,2015,0.33282894736842106
Sri Lanka,2015,0.32710526315789473
Uzbekistan,2015,0.32144736842105265
Equatorial Guinea,2015,0.2879605263157895
Yemen,2015,0.28710526315789475
Cuba,2015,0.2617763157894737
Djibouti,2015,0.2563157894736842
Laos,2015,0.25493421052631576
Somalia,2015,0.24796052631578946
Iran,2015,0.24789473684210525
Sudan,2015,0.24776315789473682
Vietnam,2015,0.24585526315789477
China,2015,0.23980263157894738
Syria,2015,0.21519736842105264
Turkmenistan,2015,0.1919078947368421
North Korea,2015,0.17598684210526316
Eritrea,2015,0.16539473684210526
Finland,2016,0.6671710526315789
Netherlands,2016,0.6660526315789473
Norway,2016,0.6658552631578947
Denmark,2016,0.6651973684210526
New Zealand,2016,0.657828947368421
Costa Rica,2016,0.6506578947368421
Switzerland,2016,0.6463157894736842
Sweden,2016,0.6425657894736843
Ireland,2016,0.6421052631578947
Jamaica,2016,0.6417763157894737
Austria,2016,0.6369736842105262
Slovakia,2016,0.6364473684210527
Belgium,2016,0.6303947368421052
Estonia,2016,0.6295394736842105
Luxembourg,2016,0.6287499999999999
Germany,2016,0.6263157894736843
Namibia,2016,0.6240131578947368
Canada,2016,0.6232894736842105
Iceland,2016,0.6230263157894737
Uruguay,2016,0.6192105263157895
Czechia,2016,0.6140789473684211
Suriname,2016,0.6138157894736842
Portugal,2016,0.6100657894736843
Latvia,2016,0.6093421052631579
Australia,2016,0.6063157894736841
Ghana,2016,0.6055921052631579
Cyprus,2016,0.6035526315789473
Liechtenstein,2016,0.6028947368421053
Samoa,2016,0.6
OECS,2016,0.5992763157894737
Chile,2016,0.5971710526315789
Cabo Verde,2016,0.5932894736842106
Andorra,2016,0.5929605263157894
Spain,2016,0.5926315789473684
Lithuania,2016,0.5924342105263157
Belize,2016,0.5880921052631579
Tonga,2016,0.5839473684210527
United Kingdom,2016,0.5809210526315789
South Africa,2016,0.5794736842105263
Slovenia,2016,0.5772368421052632
United States,2016,0.5757236842105263
Burkina Faso,2016,0.5746052631578947
Botswana,2016,0.5729605263157895
Trinidad and Tobago,2016,0.5704605263157895
France,2016,0.5669078947368421
Malta,2016,0.5668421052631579
Poland,2016,0.5665131578947369
Mauritania,2016,0.5655921052631578
Romania,2016,0.5638815789473683
Comoros,2016,0.5636184210526316
Taiwan,2016,0.5633552631578947
Niger,2016,0.5617105263157894
Haiti,2016,0.5614473684210527
Argentina,2016,0.5586184210526316
Papua New Guinea,2016,0.5538815789473684
Madagascar,2016,0.5457894736842105
Guyana,2016,0.5455921052631579
El Salvador,2016,0.5447368421052632
Serbia,2016,0.5421052631578948
Mongolia,2016,0.5420394736842106
Mauritius,2016,0.5415131578947369
Dominican Republic,2016,0.5401315789473684
Croatia,2016,0.5400657894736842
Georgia,2016,0.5397368421052632
Senegal,2016,0.5395394736842105
Malawi,2016,0.5386842105263158
Hungary,2016,0.5383552631578947
Bosnia-Herzegovina,2016,0.5365131578947369
Hong Kong,2016,0.5361842105263158
South Korea,2016,0.5356578947368421
Tanzania,2016,0.5351973684210526
Japan,2016,0.5350657894736842
Lesotho,2016,0.5343421052631578
Armenia,2016,0.5342763157894737
Nicaragua,2016,0.5340789473684211
Moldova,2016,0.5340131578947368
Italy,2016,0.5333552631578947
Benin,2016,0.5330921052631579
Guinea Bissau,2016,0.5326973684210526
Fiji,2016,0.5304605263157894
Northern Cyprus,2016,0.5293421052631578
Albania,2016,0.5268421052631579
Sierra Leone,2016,0.5267105263157895
Peru,2016,0.5263815789473685
Kyrgyzstan,2016,0.5252631578947369
Ivory Coast,2016,0.5251973684210526
Mozambique,2016,0.524671052631579
Togo,2016,0.5242763157894736
Greece,2016,0.5240131578947369
Kosovo,2016,0.5230263157894737
Panama,2016,0.5224342105263158
Seychelles,2016,0.5223684210526316
Liberia,2016,0.5216447368421053
Bhutan,2016,0.5215131578947368
Kenya,2016,0.5186842105263159
Tunisia,2016,0.5157894736842106
Bolivia,2016,0.5146052631578947
Lebanon,2016,0.5134868421052632
Timor-Leste,2016,0.5130263157894737
Gabon,2016,0.5118421052631579
Israel,2016,0.5093421052631579
Uganda,2016,0.5093421052631579
Kuwait,2016,0.5092763157894736
Brazil,2016,0.5090789473684211
Nepal,2016,0.5090789473684211
Montenegro,2016,0.5079605263157895
Ukraine,2016,0.5070394736842104
Guinea,2016,0.5060526315789474
Ecuador,2016,0.5051973684210527
Central African Republic,2016,0.5026315789473684
Paraguay,2016,0.5024342105263159
Maldives,2016,0.4988815789473684
Bulgaria,2016,0.49697368421052635
Zambia,2016,0.4928947368421053
Congo-Brazzaville,2016,0.4878947368421052
Nigeria,2016,0.4875
Qatar,2016,0.4870394736842105
North Macedonia,2016,0.48624999999999996
United Arab Emirates,2016,0.4820394736842106
Afghanistan,2016,0.4753289473684211
Guatemala,2016,0.47348684210526315
Mali,2016,0.4616447368421053
Angola,2016,0.46125
Zimbabwe,2016,0.45782894736842106
Oman,2016,0.4576973684210526
Cameroon,2016,0.4570394736842105
Chad,2016,0.4566447368421052
Cambodia,2016,0.45592105263157895
Algeria,2016,0.4494078947368421
Indonesia,2016,0.4492105263157895
Morocco / Western Sahara,2016,0.4431578947368421
Palestine,2016,0.44125
India,2016,0.43967105263157896
Colombia,2016,0.43348684210526317
Jordan,2016,0.4309868421052631
Thailand,2016,0.4307236842105263
Honduras,2016,0.43013157894736836
Philippines,2016,0.4298684210526316
Venezuela,2016,0.4291447368421052
South Sudan,2016,0.4284868421052631
Sri Lanka,2016,0.4278947368421052
Ethiopia,2016,0.4267763157894737
Myanmar,2016,0.4244736842105264
Bangladesh,2016,0.4214473684210526
Gambia,2016,0.4175657894736842
Malaysia,2016,0.41730263157894737
Pakistan,2016,0.4044736842105263
Russia,2016,0.40111842105263157
Mexico,2016,0.3991447368421053
Tajikistan,2016,0.39249999999999996
Türkiye,2016,0.38973684210526316
Democratic Republic of Congo,2016,0.38835526315789476
Eswatini,2016,0.37914473684210526
Singapore,2016,0.37526315789473685
Brunei,2016,0.3694078947368421
Burundi,2016,0.36776315789473685
Belarus,2016,0.3663157894736842
Iraq,2016,0.3661184210526316
Egypt,2016,0.36546052631578946
Kazakhstan,2016,0.3648026315789474
Rwanda,2016,0.3644078947368421
Bahrain,2016,0.36276315789473684
Azerbaijan,2016,0.34282894736842107
Libya,2016,0.34282894736842107
Saudi Arabia,2016,0.3307894736842105
Uzbekistan,2016,0.3213815789473684
Somalia,2016,0.29375
Equatorial Guinea,2016,0.28638157894736843
Iran,2016,0.28605263157894734
Yemen,2016,0.2824342105263158
Cuba,2016,0.26164473684210526
Djibouti,2016,0.25723684210526315
Laos,2016,0.25276315789473686
Sudan,2016,0.24651315789473682
Vietnam,2016,0.23506578947368423
China,2016,0.19105263157894736
Syria,2016,0.18848684210526315
Turkmenistan,2016,0.17473684210526316
North Korea,2016,0.1726315789473684
Eritrea,2016,0.17157894736842105
Norway,2017,0.6736842105263158
Sweden,2017,0.6692763157894737
Finland,2017,0.665
Denmark,2017,0.6555263157894737
Netherlands,2017,0.6494736842105263
Costa Rica,2017,0.6451973684210526
Switzerland,2017,0.6438815789473684
Jamaica,2017,0.6399342105263157
Belgium,2017,0.6398026315789473
Iceland,2017,0.6379605263157895
Austria,2017,0.6350657894736842
Estonia,2017,0.6345394736842106
New Zealand,2017,0.6317105263157895
Ireland,2017,0.6310526315789474
Luxembourg,2017,0.6268421052631579
Germany,2017,0.6251973684210527
Slovakia,2017,0.6216447368421052
Portugal,2017,0.6199342105263158
Australia,2017,0.6182894736842105
Suriname,2017,0.6179605263157896
Samoa,2017,0.6157236842105264
Canada,2017,0.6149342105263158
Czechia,2017,0.6124342105263159
Namibia,2017,0.6113157894736843
Uruguay,2017,0.6090131578947368
Ghana,2017,0.6055921052631579
Cabo Verde,2017,0.6051315789473685
Latvia,2017,0.6011842105263158
Spain,2017,0.6007236842105264
Cyprus,2017,0.5934868421052631
South Africa,2017,0.5913157894736841
Liechtenstein,2017,0.5900657894736842
Chile,2017,0.5886184210526316
Trinidad and Tobago,2017,0.5880263157894736
Andorra,2017,0.585328947368421
Lithuania,2017,0.5830921052631579
Slovenia,2017,0.5809210526315789
OECS,2017,0.5782894736842106
France,2017,0.5773684210526316
United Kingdom,2017,0.5772368421052632
Belize,2017,0.5695394736842104
Burkina Faso,2017,0.5667763157894737
United States,2017,0.5665789473684211
Comoros,2017,0.5636184210526316
Taiwan,2017,0.5633552631578947
Romania,2017,0.5627631578947369
Malta,2017,0.5607894736842105
Botswana,2017,0.5596710526315789
Tonga,2017,0.5594078947368422
Argentina,2017,0.5587500000000001
Papua New Guinea,2017,0.5587500000000001
Italy,2017,0.5509210526315789
Haiti,2017,0.5502631578947369
Poland,2017,0.5495394736842105
Mauritania,2017,0.5494078947368422
Mauritius,2017,0.5482236842105263
Madagascar,2017,0.5479605263157895
Senegal,2017,0.5478947368421053
Dominican Republic,2017,0.5476315789473684
Guyana,2017,0.5473684210526316
Niger,2017,0.544671052631579
El Salvador,2017,0.5444736842105263
South Korea,2017,0.5420394736842106
Georgia,2017,0.5410526315789473
Bosnia-Herzegovina,2017,0.5405921052631579
Serbia,2017,0.5391447368421053
Fiji,2017,0.5352631578947369
Lesotho,2017,0.5343421052631578
Mongolia,2017,0.5332236842105263
Malawi,2017,0.5330921052631579
Hungary,2017,0.532828947368421
Japan,2017,0.53
Hong Kong,2017,0.5298684210526317
Croatia,2017,0.5290131578947368
Northern Cyprus,2017,0.5271052631578947
Albania,2017,0.5268421052631579
Guinea Bissau,2017,0.5257236842105263
Benin,2017,0.5242105263157896
Armenia,2017,0.5238157894736842
Moldova,2017,0.5236184210526316
Ivory Coast,2017,0.5235526315789474
Kosovo,2017,0.5233552631578947
Tanzania,2017,0.5220394736842104
Bhutan,2017,0.5215131578947368
Sierra Leone,2017,0.5215131578947368
Togo,2017,0.5213815789473685
Seychelles,2017,0.5206578947368421
Greece,2017,0.5204605263157894
Kyrgyzstan,2017,0.5202631578947369
Peru,2017,0.5198684210526315
Israel,2017,0.5196710526315789
Nicaragua,2017,0.5196710526315789
Mozambique,2017,0.5194078947368421
Liberia,2017,0.5189473684210526
Kenya,2017,0.5184210526315789
Panama,2017,0.5123684210526316
Tunisia,2017,0.5117105263157895
Timor-Leste,2017,0.5077631578947369
Lebanon,2017,0.5065131578947368
Nepal,2017,0.5064473684210526
Guinea,2017,0.5055921052631579
Ukraine,2017,0.505328947368421
Brazil,2017,0.5027631578947368
Kuwait,2017,0.5025657894736842
Ecuador,2017,0.5023684210526316
Montenegro,2017,0.5023026315789473
Bolivia,2017,0.5007894736842106
Gabon,2017,0.49453947368421053
Bulgaria,2017,0.4933552631578947
Paraguay,2017,0.4892105263157895
North Macedonia,2017,0.4885526315789474
Uganda,2017,0.4872368421052632
Central African Republic,2017,0.48605263157894735
Zambia,2017,0.4836842105263159
Congo-Brazzaville,2017,0.4820394736842106
Mali,2017,0.471907894736842
Maldives,2017,0.46513157894736845
Guatemala,2017,0.4649342105263158
United Arab Emirates,2017,0.4645394736842105
Afghanistan,2017,0.464078947368421
Chad,2017,0.4627631578947369
Nigeria,2017,0.4625657894736842
Qatar,2017,0.4616447368421053
Indonesia,2017,0.46098684210526314
Angola,2017,0.4577631578947368
Oman,2017,0.45749999999999996
Philippines,2017,0.45342105263157895
Zimbabwe,2017,0.45105263157894737
Colombia,2017,0.45085526315789476
Cameroon,2017,0.4500657894736842
Myanmar,2017,0.4485526315789474
Cambodia,2017,0.44690789473684217
Morocco / Western Sahara,2017,0.4446052631578947
Algeria,2017,0.4419078947368421
Palestine,2017,0.4414473684210526
India,2017,0.4411842105263158
Venezuela,2017,0.4411842105263158
Jordan,2017,0.43921052631578944
Pakistan,2017,0.43717105263157896
Honduras,2017,0.43585526315789475
Sri Lanka,2017,0.4319736842105263
Thailand,2017,0.42967105263157895
Gambia,2017,0.4164473684210526
Malaysia,2017,0.41519736842105265
South Sudan,2017,0.4068421052631579
Bangladesh,2017,0.4055263157894737
Mexico,2017,0.40151315789473685
Russia,2017,0.3983552631578947
Tajikistan,2017,0.3929605263157894
Ethiopia,2017,0.39249999999999996
Singapore,2017,0.3875
Eswatini,2017,0.3863815789473684
Belarus,2017,0.37875
Democratic Republic of Congo,2017,0.37717105263157896
Türkiye,2017,0.3751315789473684
Brunei,2017,0.37026315789473685
Kazakhstan,2017,0.36835526315789474
Iraq,2017,0.3682236842105263
Rwanda,2017,0.36769736842105266
Burundi,2017,0.3567105263157895
Egypt,2017,0.3567105263157895
Azerbaijan,2017,0.3526315789473684
Libya,2017,0.3499342105263158
Bahrain,2017,0.3363157894736842
Iran,2017,0.29526315789473684
Yemen,2017,0.29078947368421054
Somalia,2017,0.28980263157894737
Saudi Arabia,2017,0.2893421052631579
Uzbekistan,2017,0.28875
Laos,2017,0.2867763157894737
Equatorial Guinea,2017,0.28638157894736843
Djibouti,2017,0.25960526315789473
Cuba,2017,0.25164473684210525
Sudan,2017,0.23973684210526314
Vietnam,2017,0.23710526315789474
China,2017,0.21276315789473688
Syria,2017,0.1875657894736842
Turkmenistan,2017,0.16980263157894737
Eritrea,2017,0.1694736842105263
North Korea,2017,0.16460526315789473
Norway,2018,0.6734868421052632
Sweden,2018,0.6690131578947368
Netherlands,2018,0.657828947368421
Finland,2018,0.6561842105263157
Switzerland,2018,0.6495394736842105
Jamaica,2018,0.6491447368421053
Belgium,2018,0.6371052631578947
New Zealand,2018,0.6340789473684211
Denmark,2018,0.6316447368421053
Costa Rica,2018,0.6315131578947368
Austria,2018,0.6313157894736842
Estonia,2018,0.6310526315789474
Iceland,2018,0.6309210526315789
Portugal,2018,0.6304605263157894
Germany,2018,0.6290131578947369
Ireland,2018,0.6276973684210526
Luxembourg,2018,0.6268421052631579
Canada,2018,0.6231578947368421
Australia,2018,0.6219736842105263
Uruguay,2018,0.6213157894736842
Suriname,2018,0.6155263157894737
Samoa,2018,0.6138815789473684
Ghana,2018,0.6025657894736842
Latvia,2018,0.5945394736842106
Cyprus,2018,0.5930921052631579
Namibia,2018,0.5905263157894737
Slovakia,2018,0.5903947368421052
South Africa,2018,0.5895394736842106
Cabo Verde,2018,0.5895394736842106
Liechtenstein,2018,0.5888815789473685
Spain,2018,0.58875
Slovenia,2018,0.5809868421052632
France,2018,0.5798026315789473
Czechia,2018,0.5796710526315789
OECS,2018,0.5782236842105263
Lithuania,2018,0.5776315789473684
Andorra,2018,0.5775657894736842
Chile,2018,0.5744078947368422
Trinidad and Tobago,2018,0.57375
United Kingdom,2018,0.5707236842105263
Burkina Faso,2018,0.5701973684210526
Taiwan,2018,0.57
South Korea,2018,0.5690131578947368
Romania,2018,0.5680921052631579
United States,2018,0.5675657894736842
Italy,2018,0.565
Belize,2018,0.562171052631579
Botswana,2018,0.5573026315789473
Comoros,2018,0.5572368421052631
Senegal,2018,0.5551973684210526
Tonga,2018,0.5547368421052631
Argentina,2018,0.5523026315789474
Papua New Guinea,2018,0.5513815789473684
Madagascar,2018,0.5513157894736842
Guyana,2018,0.5509868421052632
Mauritius,2018,0.5496710526315789
Fiji,2018,0.5490131578947368
Poland,2018,0.54875
Dominican Republic,2018,0.5474342105263158
Haiti,2018,0.5472368421052632
Georgia,2018,0.5438157894736841
Bosnia-Herzegovina,2018,0.5436184210526316
Niger,2018,0.5434210526315789
Malawi,2018,0.5432236842105262
Malta,2018,0.5431578947368422
El Salvador,2018,0.540921052631579
Japan,2018,0.5352631578947369
Lesotho,2018,0.5343421052631578
Croatia,2018,0.5332894736842105
Hong Kong,2018,0.5326315789473683
Mongolia,2018,0.5325657894736843
Mauritania,2018,0.5323026315789473
Hungary,2018,0.5321710526315789
Greece,2018,0.5316447368421052
Albania,2018,0.529671052631579
Serbia,2018,0.5290789473684211
Northern Cyprus,2018,0.5290131578947368
Kosovo,2018,0.5288815789473684
Sierra Leone,2018,0.5264473684210526
Armenia,2018,0.5263815789473685
Moldova,2018,0.52625
Ivory Coast,2018,0.5257894736842106
Guinea Bissau,2018,0.5257236842105263
Benin,2018,0.5252631578947369
Seychelles,2018,0.5251973684210526
Togo,2018,0.5248026315789474
Israel,2018,0.5246052631578947
Peru,2018,0.5245394736842105
Liberia,2018,0.5241447368421053
Nicaragua,2018,0.5236184210526316
Panama,2018,0.5226315789473684
Ecuador,2018,0.5226315789473684
Tanzania,2018,0.5220394736842104
Bhutan,2018,0.5215131578947368
Timor-Leste,2018,0.5209868421052631
Kenya,2018,0.520921052631579
Tunisia,2018,0.5203289473684211
Kyrgyzstan,2018,0.5197368421052632
Mozambique,2018,0.5189473684210526
Lebanon,2018,0.5187499999999999
Ukraine,2018,0.5186842105263159
Brazil,2018,0.5184210526315789
Montenegro,2018,0.5183552631578948
Guinea,2018,0.5138157894736842
Kuwait,2018,0.51375
Nepal,2018,0.5128289473684211
Paraguay,2018,0.5110526315789474
Gabon,2018,0.5107236842105263
North Macedonia,2018,0.510328947368421
Bolivia,2018,0.5101973684210526
Bulgaria,2018,0.49197368421052634
Central African Republic,2018,0.4917763157894737
Zambia,2018,0.49105263157894735
Congo-Brazzaville,2018,0.49065789473684207
Mali,2018,0.4858552631578947
Guatemala,2018,0.4857236842105263
Uganda,2018,0.4817763157894736
Afghanistan,2018,0.4784210526315789
Nigeria,2018,0.4775657894736842
Maldives,2018,0.4740131578947368
Angola,2018,0.4713815789473685
Gambia,2018,0.4713157894736842
Chad,2018,0.4707236842105263
Indonesia,2018,0.4626315789473684
Qatar,2018,0.4594736842105263
Zimbabwe,2018,0.4570394736842105
Oman,2018,0.45611842105263156
United Arab Emirates,2018,0.4548684210526316
Cameroon,2018,0.4544736842105263
Colombia,2018,0.45375
Sri Lanka,2018,0.45151315789473684
Jordan,2018,0.44927631578947363
Philippines,2018,0.4438815789473684
Palestine,2018,0.4410526315789473
Morocco / Western Sahara,2018,0.4399342105263158
Algeria,2018,0.4399342105263158
Myanmar,2018,0.43980263157894733
India,2018,0.43921052631578944
Pakistan,2018,0.43921052631578944
Thailand,2018,0.43217105263157896
Honduras,2018,0.42611842105263165
Cambodia,2018,0.4217105263157894
Venezuela,2018,0.42085526315789473
South Sudan,2018,0.41526315789473683
Malaysia,2018,0.4117763157894737
Bangladesh,2018,0.40381578947368424
Mexico,2018,0.40190789473684213
Russia,2018,0.395
Tajikistan,2018,0.3943421052631579
Ethiopia,2018,0.39361842105263156
Singapore,2018,0.38848684210526313
Eswatini,2018,0.38513157894736844
Brunei,2018,0.385
Democratic Republic of Congo,2018,0.38421052631578945
Belarus,2018,0.3776973684210526
Rwanda,2018,0.37565789473684214
Türkiye,2018,0.3717105263157895
Kazakhstan,2018,0.3657236842105263
Burundi,2018,0.3601315789473684
Iraq,2018,0.35157894736842105
Egypt,2018,0.3505263157894737
Libya,2018,0.3500657894736842
Azerbaijan,2018,0.33072368421052634
Iran,2018,0.3242763157894737
Uzbekistan,2018,0.32342105263157894
Bahrain,2018,0.3233552631578947
Yemen,2018,0.3142763157894737
Somalia,2018,0.30894736842105264
Saudi Arabia,2018,0.30835526315789474
Laos,2018,0.2867763157894737
Equatorial Guinea,2018,0.28638157894736843
Cuba,2018,0.2703947368421053
Djibouti,2018,0.2580921052631579
Sudan,2018,0.2557236842105263
Vietnam,2018,0.2299342105263158
China,2018,0.2086184210526316
Syria,2018,0.2025
Turkmenistan,2018,0.16973684210526316
Eritrea,2018,0.1694736842105263
North Korea,2018,0.13901315789473687
Norway,2019,0.6722368421052632
Finland,2019,0.6717105263157894
Sweden,2019,0.6690131578947368
Netherlands,2019,0.6669078947368421
Denmark,2019,0.65875
Switzerland,2019,0.6544736842105263
New Zealand,2019,0.6529605263157895
Jamaica,2019,0.6504605263157895
Belgium,2019,0.6442763157894738
Costa Rica,2019,0.6431578947368422
Estonia,2019,0.6429605263157895
Portugal,2019,0.6405921052631579
Germany,2019,0.6276315789473684
Iceland,2019,0.6269078947368422
Ireland,2019,0.625
Austria,2019,0.6228289473684211
Luxembourg,2019,0.6206578947368421
Canada,2019,0.6204605263157895
Uruguay,2019,0.6180263157894736
Suriname,2019,0.6159210526315789
Australia,2019,0.6148026315789474
Samoa,2019,0.6036184210526315
Namibia,2019,0.5990131578947369
Latvia,2019,0.5951973684210526
Cabo Verde,2019,0.5933552631578948
Liechtenstein,2019,0.5888815789473685
Ghana,2019,0.5867763157894736
Cyprus,2019,0.5806578947368422
Spain,2019,0.5790131578947368
Lithuania,2019,0.5785526315789473
South Africa,2019,0.5776973684210527
France,2019,0.5775657894736842
United Kingdom,2019,0.5774342105263157
Slovenia,2019,0.5769078947368421
Slovakia,2019,0.5685526315789474
Burkina Faso,2019,0.5623026315789473
Andorra,2019,0.5616447368421053
Papua New Guinea,2019,0.5611842105263157
Trinidad and Tobago,2019,0.560921052631579
Czechia,2019,0.5599342105263158
South Korea,2019,0.5596052631578947
Taiwan,2019,0.5593421052631579
Italy,2019,0.5593421052631579
Botswana,2019,0.5586184210526316
Tonga,2019,0.5565131578947369
Chile,2019,0.5549342105263158
Romania,2019,0.5548026315789474
United States,2019,0.554671052631579
Senegal,2019,0.5538815789473684
OECS,2019,0.5523684210526315
Guyana,2019,0.5484868421052632
Fiji,2019,0.5448684210526316
Belize,2019,0.5427631578947368
Madagascar,2019,0.5410526315789473
Dominican Republic,2019,0.5401315789473684
Comoros,2019,0.5400657894736842
Argentina,2019,0.5375
Mauritius,2019,0.5364473684210527
Poland,2019,0.5336184210526316
Georgia,2019,0.5330263157894737
Armenia,2019,0.5330263157894737
Haiti,2019,0.5328947368421053
Bosnia-Herzegovina,2019,0.5327631578947368
Croatia,2019,0.5326973684210526
Greece,2019,0.5323684210526316
Niger,2019,0.5311842105263157
Japan,2019,0.5305263157894737
Malawi,2019,0.5305263157894737
Seychelles,2019,0.5301973684210527
Mongolia,2019,0.5295394736842105
Ivory Coast,2019,0.5294736842105263
Tunisia,2019,0.5288815789473684
Hong Kong,2019,0.5286184210526316
Northern Cyprus,2019,0.5284868421052632
Kosovo,2019,0.5284210526315789
Togo,2019,0.5283552631578947
Malta,2019,0.5280263157894737
Lesotho,2019,0.5280263157894737
Panama,2019,0.5277631578947368
Bhutan,2019,0.5275657894736842
El Salvador,2019,0.5275657894736842
Albania,2019,0.5273684210526316
Kyrgyzstan,2019,0.5268421052631579
Timor-Leste,2019,0.5267763157894736
Peru,2019,0.5248684210526315
Sierra Leone,2019,0.5239473684210526
Hungary,2019,0.523421052631579
Israel,2019,0.5210526315789474
Guinea Bissau,2019,0.5200657894736842
Serbia,2019,0.5185526315789474
Moldova,2019,0.5183552631578948
Gambia,2019,0.5174342105263158
Liberia,2019,0.5165131578947368
Mauritania,2019,0.5154605263157894
North Macedonia,2019,0.5153947368421052
Benin,2019,0.5148684210526316
Ecuador,2019,0.5139473684210527
Maldives,2019,0.5121052631578947
Paraguay,2019,0.5105263157894736
Kenya,2019,0.5102631578947369
Lebanon,2019,0.5102631578947369
Ukraine,2019,0.5101315789473685
Mozambique,2019,0.5088157894736842
Montenegro,2019,0.5082894736842105
Brazil,2019,0.5079605263157895
Nepal,2019,0.5039473684210526
Guinea,2019,0.5033552631578948
Kuwait,2019,0.5009210526315789
Angola,2019,0.49368421052631584
Ethiopia,2019,0.49269736842105266
Bulgaria,2019,0.49269736842105266
Mali,2019,0.4919078947368421
Bolivia,2019,0.490921052631579
Nicaragua,2019,0.4899342105263158
Gabon,2019,0.48947368421052634
Guatemala,2019,0.4872368421052632
Congo-Brazzaville,2019,0.4865789473684211
Tanzania,2019,0.485
Zambia,2019,0.4843421052631579
Nigeria,2019,0.48355263157894735
Afghanistan,2019,0.48322368421052636
Chad,2019,0.4821710526315789
Malaysia,2019,0.4819736842105263
Indonesia,2019,0.4817763157894736
Uganda,2019,0.4643421052631579
Sri Lanka,2019,0.4630921052631579
Zimbabwe,2019,0.4458552631578948
Qatar,2019,0.4440131578947369
Colombia,2019,0.44197368421052635
Jordan,2019,0.4400657894736842
Cameroon,2019,0.43868421052631584
Oman,2019,0.43802631578947365
United Arab Emirates,2019,0.4366447368421053
Philippines,2019,0.4348026315789474
Morocco / Western Sahara,2019,0.434342105263158
Thailand,2019,0.4335526315789474
Palestine,2019,0.42973684210526314
Myanmar,2019,0.42815789473684207
South Sudan,2019,0.4233552631578947
India,2019,0.4232236842105263
Algeria,2019,0.42269736842105265
Pakistan,2019,0.42217105263157895
Cambodia,2019,0.4217105263157894
Mexico,2019,0.4159210526315789
Central African Republic,2019,0.4126973684210526
Honduras,2019,0.4044078947368421
Eswatini,2019,0.4007236842105263
Venezuela,2019,0.4006578947368421
Russia,2019,0.39269736842105263
Bangladesh,2019,0.3898684210526316
Singapore,2019,0.3854605263157895
Brunei,2019,0.385
Belarus,2019,0.3838157894736842
Democratic Republic of Congo,2019,0.3834868421052631
Rwanda,2019,0.37875
Iraq,2019,0.37763157894736843
Türkiye,2019,0.37625
Kazakhstan,2019,0.3761842105263158
Burundi,2019,0.3757236842105263
Uzbekistan,2019,0.371578947368421
Tajikistan,2019,0.3682894736842105
Libya,2019,0.35677631578947366
Egypt,2019,0.35217105263157894
Somalia,2019,0.34710526315789475
Equatorial Guinea,2019,0.33980263157894736
Azerbaijan,2019,0.3346710526315789
Bahrain,2019,0.32032894736842105
Yemen,2019,0.3180263157894737
Cuba,2019,0.3038815789473684
Iran,2019,0.2999342105263158
Laos,2019,0.2994078947368421
Saudi Arabia,2019,0.29026315789473683
Djibouti,2019,0.2542105263157895
Syria,2019,0.25144736842105264
Sudan,2019,0.2470394736842105
Vietnam,2019,0.23072368421052633
China,2019,0.2044736842105263
Eritrea,2019,0.1956578947368421
North Korea,2019,0.17500000000000002
Turkmenistan,2019,0.16157894736842107
Norway,2020,0.6721052631578948
Finland,2020,0.6715131578947368
Denmark,2020,0.6701973684210527
Sweden,2020,0.662828947368421
Netherlands,2020,0.6581578947368422
Jamaica,2020,0.6545394736842105
Costa Rica,2020,0.6544078947368421
Switzerland,2020,0.6538157894736841
New Zealand,2020,0.6533552631578947
Portugal,2020,0.6458552631578948
Germany,2020,0.6436842105263159
Belgium,2020,0.6409868421052632
Ireland,2020,0.6407894736842106
Estonia,2020,0.6407236842105263
Iceland,2020,0.6242105263157894
Canada,2020,0.6230921052631578
Luxembourg,2020,0.6219736842105263
Austria,2020,0.6198684210526316
Uruguay,2020,0.6198026315789473
Suriname,2020,0.6085526315789473
Samoa,2020,0.6036184210526315
Latvia,2020,0.601578947368421
Namibia,2020,0.5970394736842105
Liechtenstein,2020,0.5952631578947368
Cabo Verde,2020,0.5911184210526316
Australia,2020,0.5907236842105263
Cyprus,2020,0.5891447368421052
Lithuania,2020,0.5842763157894737
Spain,2020,0.5778947368421052
Ghana,2020,0.5772368421052632
South Africa,2020,0.57625
Slovenia,2020,0.5747368421052631
Slovakia,2020,0.5745394736842105
France,2020,0.5728947368421052
United Kingdom,2020,0.572828947368421
Trinidad and Tobago,2020,0.570921052631579
Andorra,2020,0.5708552631578947
Burkina Faso,2020,0.5692763157894737
Botswana,2020,0.5686842105263158
Czechia,2020,0.5686184210526316
Italy,2020,0.567828947368421
South Korea,2020,0.5677631578947369
Taiwan,2020,0.5673684210526315
OECS,2020,0.5672368421052632
United States,2020,0.5667763157894737
Papua New Guinea,2020,0.5662499999999999
Senegal,2020,0.5658552631578948
Romania,2020,0.5532236842105264
Guyana,2020,0.5484868421052632
Tonga,2020,0.5442763157894737
Chile,2020,0.5440131578947368
Fiji,2020,0.5433552631578947
Belize,2020,0.5427631578947368
Madagascar,2020,0.541578947368421
Dominican Republic,2020,0.5401315789473684
Mauritius,2020,0.5394736842105263
Niger,2020,0.537828947368421
Bosnia-Herzegovina,2020,0.5361184210526315
Croatia,2020,0.5361184210526315
Georgia,2020,0.5355921052631579
Armenia,2020,0.5355263157894737
Poland,2020,0.5351973684210526
Seychelles,2020,0.5351315789473684
Argentina,2020,0.5343421052631578
Greece,2020,0.5342105263157895
Japan,2020,0.5338157894736842
Bhutan,2020,0.5335526315789473
Ivory Coast,2020,0.5332894736842105
Malawi,2020,0.5307894736842106
Kosovo,2020,0.5307236842105263
Togo,2020,0.5307236842105263
Tunisia,2020,0.5299342105263157
Mongolia,2020,0.5288815789473684
El Salvador,2020,0.5282894736842105
Comoros,2020,0.5278289473684211
Panama,2020,0.5277631578947368
Northern Cyprus,2020,0.5276973684210526
Timor-Leste,2020,0.5269736842105263
Maldives,2020,0.5267763157894736
Hong Kong,2020,0.52625
Malta,2020,0.5252631578947369
Kyrgyzstan,2020,0.5250657894736842
Haiti,2020,0.525
Albania,2020,0.524671052631579
Sierra Leone,2020,0.5244736842105263
Lesotho,2020,0.5233552631578947
Gambia,2020,0.5222368421052631
Israel,2020,0.5207894736842105
Hungary,2020,0.5207894736842105
Peru,2020,0.5201315789473684
Moldova,2020,0.5186842105263159
North Macedonia,2020,0.5178947368421053
Serbia,2020,0.5156578947368421
Guinea Bissau,2020,0.5127631578947368
Liberia,2020,0.5115131578947368
Ukraine,2020,0.5097368421052632
Mauritania,2020,0.5096052631578947
Ecuador,2020,0.5090789473684211
Ethiopia,2020,0.5077631578947369
Paraguay,2020,0.5067763157894737
Malaysia,2020,0.5057894736842105
Lebanon,2020,0.505328947368421
Kenya,2020,0.5018421052631579
Mozambique,2020,0.5013815789473683
Montenegro,2020,0.5011184210526316
Angola,2020,0.5005263157894737
Brazil,2020,0.49967105263157896
Mali,2020,0.49921052631578944
Kuwait,2020,0.4980263157894737
Guinea,2020,0.4977631578947368
Bulgaria,2020,0.49302631578947365
Nepal,2020,0.4927631578947369
Benin,2020,0.49269736842105266
Bolivia,2020,0.4909868421052631
Nigeria,2020,0.4892763157894737
Guatemala,2020,0.4885526315789474
Nicaragua,2020,0.4880921052631579
Congo-Brazzaville,2020,0.48315789473684206
Indonesia,2020,0.4814473684210527
Zambia,2020,0.48026315789473684
Gabon,2020,0.4789473684210526
Afghanistan,2020,0.4756578947368421
Chad,2020,0.46249999999999997
Tanzania,2020,0.4588815789473684
Uganda,2020,0.45427631578947364
Zimbabwe,2020,0.45427631578947364
Sri Lanka,2020,0.44776315789473686
Jordan,2020,0.44684210526315793
Qatar,2020,0.4440131578947369
Colombia,2020,0.4430263157894737
United Arab Emirates,2020,0.44282894736842104
Central African Republic,2020,0.44164473684210526
Morocco / Western Sahara,2020,0.44157894736842107
Cameroon,2020,0.43894736842105264
Oman,2020,0.43802631578947365
Philippines,2020,0.4372368421052632
Palestine,2020,0.43361842105263154
South Sudan,2020,0.4309868421052631
Myanmar,2020,0.4291447368421052
Thailand,2020,0.4280263157894737
Eswatini,2020,0.42664473684210524
India,2020,0.4254605263157895
Mexico,2020,0.42467105263157895
Cambodia,2020,0.4246052631578947
Pakistan,2020,0.4242105263157894
Algeria,2020,0.4242105263157894
Venezuela,2020,0.42328947368421055
Honduras,2020,0.40657894736842104
Russia,2020,0.4018421052631579
Democratic Republic of Congo,2020,0.4007236842105263
Bangladesh,2020,0.3988815789473684
Brunei,2020,0.39703947368421055
Belarus,2020,0.3963815789473684
Türkiye,2020,0.39460526315789474
Rwanda,2020,0.39249999999999996
Uzbekistan,2020,0.37453947368421053
Kazakhstan,2020,0.36769736842105266
Singapore,2020,0.3603289473684211
Sudan,2020,0.35967105263157895
Burundi,2020,0.35967105263157895
Tajikistan,2020,0.3596052631578947
Iraq,2020,0.35940789473684215
Somalia,2020,0.3588815789473684
Libya,2020,0.35677631578947366
Equatorial Guinea,2020,0.35276315789473683
Egypt,2020,0.34986842105263155
Yemen,2020,0.3404605263157895
Azerbaijan,2020,0.33894736842105266
Bahrain,2020,0.32809210526315785
Saudi Arabia,2020,0.3148684210526316
Cuba,2020,0.3038815789473684
Laos,2020,0.3007894736842105
Iran,2020,0.2973026315789474
Syria,2020,0.24625
Vietnam,2020,0.23217105263157894
Djibouti,2020,0.2188815789473684
China,2020,0.20736842105263156
Eritrea,2020,0.17434210526315788
Turkmenistan,2020,0.16157894736842107
North Korea,2020,0.15907894736842104
Norway,2021,0.6794736842105263
Finland,2021,0.6776973684210527
Sweden,2021,0.6760526315789473
Denmark,2021,0.6673026315789474
Costa Rica,2021,0.6660526315789473
Netherlands,2021,0.6600657894736842
Jamaica,2021,0.6581578947368422
New Zealand,2021,0.6576315789473683
Portugal,2021,0.6571710526315789
Switzerland,2021,0.6542763157894737
Belgium,2021,0.6467763157894737
Ireland,2021,0.6453289473684211
Germany,2021,0.623421052631579
Canada,2021,0.6233552631578947
Estonia,2021,0.6233552631578947
Iceland,2021,0.6225657894736841
Austria,2021,0.6161842105263158
Uruguay,2021,0.6159210526315789
Suriname,2021,0.6121710526315789
Luxembourg,2021,0.6081578947368421
Samoa,2021,0.5971052631578948
Latvia,2021,0.5969736842105263
Liechtenstein,2021,0.5954605263157895
Namibia,2021,0.5939473684210527
Australia,2021,0.5934868421052631
Cyprus,2021,0.5930921052631579
Cabo Verde,2021,0.5915131578947368
Lithuania,2021,0.5911184210526316
Spain,2021,0.5892105263157895
Ghana,2021,0.5833552631578948
Trinidad and Tobago,2021,0.5819078947368421
South Africa,2021,0.5816447368421053
United Kingdom,2021,0.5816447368421053
France,2021,0.5750000000000001
Slovakia,2021,0.5722368421052632
Slovenia,2021,0.5717105263157896
Burkina Faso,2021,0.57125
Botswana,2021,0.5707236842105263
Andorra,2021,0.5702631578947369
Czechia,2021,0.5698684210526316
Italy,2021,0.5698026315789474
South Korea,2021,0.5695394736842104
Taiwan,2021,0.5667105263157894
United States,2021,0.5662499999999999
OECS,2021,0.5659210526315789
Tonga,2021,0.5619078947368421
Papua New Guinea,2021,0.56
Romania,2021,0.5598026315789474
Senegal,2021,0.5577631578947368
Dominican Republic,2021,0.5552631578947369
Guyana,2021,0.5551973684210526
Seychelles,2021,0.5548684210526316
Belize,2021,0.5420394736842106
Chile,2021,0.5401973684210526
Fiji,2021,0.54
Croatia,2021,0.5398026315789474
Madagascar,2021,0.5378947368421053
Bosnia-Herzegovina,2021,0.5372368421052631
Niger,2021,0.536578947368421
Georgia,2021,0.5352631578947369
Mauritius,2021,0.5346052631578948
Malawi,2021,0.5342105263157895
Armenia,2021,0.5340131578947368
Poland,2021,0.5339473684210526
Bhutan,2021,0.5338157894736842
Ivory Coast,2021,0.53375
Japan,2021,0.5336842105263159
Mongolia,2021,0.5330921052631579
Argentina,2021,0.5329605263157895
Greece,2021,0.532828947368421
Timor-Leste,2021,0.5321710526315789
Maldives,2021,0.5320394736842106
Tunisia,2021,0.5294078947368421
Togo,2021,0.5290131578947368
Sierra Leone,2021,0.5288815789473684
Northern Cyprus,2021,0.5275000000000001
Panama,2021,0.5267105263157895
Kosovo,2021,0.5242105263157896
Kyrgyzstan,2021,0.5238815789473684
Hong Kong,2021,0.523421052631579
Malta,2021,0.5232894736842105
El Salvador,2021,0.523092105263158
Albania,2021,0.5224342105263158
Comoros,2021,0.5220394736842104
Gambia,2021,0.5213157894736842
Israel,2021,0.5203947368421052
Haiti,2021,0.5189473684210526
Lesotho,2021,0.5157236842105263
Moldova,2021,0.5157236842105263
North Macedonia,2021,0.515328947368421
Peru,2021,0.5150657894736842
Hungary,2021,0.5147368421052632
Serbia,2021,0.5129605263157895
Mauritania,2021,0.5115131578947368
Guinea Bissau,2021,0.5086842105263157
Ecuador,2021,0.5076973684210526
Ukraine,2021,0.506842105263158
Liberia,2021,0.5042105263157894
Mali,2021,0.5032894736842105
Paraguay,2021,0.5031578947368421
Ethiopia,2021,0.5024342105263159
Kenya,2021,0.5023026315789473
Angola,2021,0.4996052631578947
Montenegro,2021,0.49782894736842104
Kuwait,2021,0.4976315789473684
Nepal,2021,0.49592105263157893
Lebanon,2021,0.4938815789473684
Mozambique,2021,0.49085526315789474
Guinea,2021,0.49065789473684207
Bolivia,2021,0.4903289473684211
Brazil,2021,0.48519736842105265
Bulgaria,2021,0.4783552631578948
Indonesia,2021,0.4776315789473684
Benin,2021,0.4725
Zambia,2021,0.4723026315789473
Guatemala,2021,0.4707236842105263
Gabon,2021,0.4697368421052632
Congo-Brazzaville,2021,0.46822368421052635
Malaysia,2021,0.46401315789473685
Nigeria,2021,0.4625657894736842
Nicaragua,2021,0.46065789473684216
Afghanistan,2021,0.4592763157894737
Chad,2021,0.45921052631578946
Tanzania,2021,0.4559868421052632
Uganda,2021,0.4526973684210526
Central African Republic,2021,0.44789473684210523
Sri Lanka,2021,0.44605263157894737
Qatar,2021,0.443421052631579
Jordan,2021,0.44151315789473683
Zimbabwe,2021,0.43999999999999995
United Arab Emirates,2021,0.4399342105263158
Palestine,2021,0.43960526315789467
Oman,2021,0.4383552631578947
Colombia,2021,0.4359210526315789
Cameroon,2021,0.4356578947368421
Morocco / Western Sahara,2021,0.4346052631578948
Thailand,2021,0.4261842105263158
Philippines,2021,0.4234210526315789
South Sudan,2021,0.4225
Myanmar,2021,0.4201315789473684
Eswatini,2021,0.4188157894736842
India,2021,0.41736842105263156
Mexico,2021,0.41638157894736844
Cambodia,2021,0.4155263157894737
Pakistan,2021,0.41539473684210526
Algeria,2021,0.41276315789473683
Burundi,2021,0.4107236842105263
Venezuela,2021,0.4105263157894737
Democratic Republic of Congo,2021,0.4040131578947368
Russia,2021,0.4032236842105263
Honduras,2021,0.39901315789473685
Bangladesh,2021,0.39664473684210527
Türkiye,2021,0.39611842105263156
Brunei,2021,0.39532894736842106
Kazakhstan,2021,0.39289473684210524
Rwanda,2021,0.3903947368421053
Uzbekistan,2021,0.3898684210526316
Belarus,2021,0.3893421052631579
Sudan,2021,0.37546052631578947
Singapore,2021,0.36052631578947364
Somalia,2021,0.35875
Tajikistan,2021,0.3584210526315789
Iraq,2021,0.3580921052631579
Equatorial Guinea,2021,0.3574342105263158
Libya,2021,0.3570394736842106
Egypt,2021,0.35414473684210523
Azerbaijan,2021,0.3370394736842105
Bahrain,2021,0.32171052631578945
Yemen,2021,0.3134868421052632
Saudi Arabia,2021,0.3109868421052632
Cuba,2021,0.3030263157894737
Laos,2021,0.2594736842105263
Syria,2021,0.2590131578947369
Iran,2021,0.24539473684210525
Vietnam,2021,0.2075
Djibouti,2021,0.20644736842105263
China,2021,0.20578947368421052
Turkmenistan,2021,0.19717105263157894
North Korea,2021,0.1889473684210526
Eritrea,2021,0.18782894736842107
Norway,2022,0.6753289473684211
Denmark,2022,0.6596710526315789
Sweden,2022,0.6502631578947369
Estonia,2022,0.6501973684210526
Finland,2022,0.6475
Ireland,2022,0.6467105263157894
Portugal,2022,0.6386184210526316
Costa Rica,2022,0.6310526315789474
Lithuania,2022,0.6193421052631579
Liechtenstein,2022,0.6186184210526315
New Zealand,2022,0.6153947368421053
Jamaica,2022,0.6141447368421052
Seychelles,2022,0.6140131578947369
Switzerland,2022,0.61
Iceland,2022,0.6098026315789473
Germany,2022,0.6055263157894737
Timor-Leste,2022,0.6045394736842106
Namibia,2022,0.6042105263157895
Canada,2022,0.6035526315789473
Czechia,2022,0.5956578947368422
Luxembourg,2022,0.5908552631578947
Latvia,2022,0.5866447368421053
Belgium,2022,0.5846052631578947
United Kingdom,2022,0.5836184210526315
Trinidad and Tobago,2022,0.583421052631579
France,2022,0.5824342105263158
Slovakia,2022,0.5813815789473684
Netherlands,2022,0.5784868421052632
Argentina,2022,0.5742105263157895
Dominican Republic,2022,0.5717105263157896
Austria,2022,0.570657894736842
Spain,2022,0.5704605263157895
Bhutan,2022,0.5688157894736842
Guyana,2022,0.5684868421052631
South Africa,2022,0.5628947368421052
Cabo Verde,2022,0.5616447368421053
Ivory Coast,2022,0.555657894736842
Taiwan,2022,0.5531578947368421
Australia,2022,0.5511184210526315
Moldova,2022,0.5491447368421053
Burkina Faso,2022,0.5468421052631579
United States,2022,0.5443421052631578
South Korea,2022,0.5401973684210526
Uruguay,2022,0.539671052631579
Samoa,2022,0.5354605263157894
Sierra Leone,2022,0.5330921052631579
Belize,2022,0.5307236842105263
Croatia,2022,0.5290789473684211
Tonga,2022,0.5246052631578947
Gambia,2022,0.5213815789473685
Armenia,2022,0.5195394736842105
Suriname,2022,0.5194078947368421
Andorra,2022,0.5183552631578948
Slovenia,2022,0.5167105263157895
OECS,2022,0.5163815789473684
Romania,2022,0.5161842105263158
North Macedonia,2022,0.5160526315789473
Italy,2022,0.5142105263157895
Niger,2022,0.5118421052631579
Ghana,2022,0.5094078947368421
Kosovo,2022,0.506578947368421
Papua New Guinea,2022,0.5043421052631579
Montenegro,2022,0.5035526315789474
Mauritius,2022,0.5004605263157894
Cyprus,2022,0.4998026315789474
Poland,2022,0.4976315789473684
Bosnia-Herzegovina,2022,0.4976315789473684
Ecuador,2022,0.49085526315789474
Kenya,2022,0.4907236842105263
Haiti,2022,0.49046052631578946
Japan,2022,0.4892763157894737
Kyrgyzstan,2022,0.48848684210526316
Senegal,2022,0.48072368421052625
Panama,2022,0.4788157894736842
Liberia,2022,0.47875000000000006
Nepal,2022,0.47809210526315793
Peru,2022,0.4720394736842105
Malta,2022,0.4707236842105263
Serbia,2022,0.47046052631578944
Malawi,2022,0.4697368421052632
Northern Cyprus,2022,0.4676315789473684
Chile,2022,0.4645394736842105
Comoros,2022,0.46157894736842103
Guinea,2022,0.45934210526315783
Hungary,2022,0.45921052631578946
Israel,2022,0.4580263157894737
Maldives,2022,0.4575657894736842
Lesotho,2022,0.45651315789473684
Georgia,2022,0.45592105263157895
Mongolia,2022,0.4550657894736842
Bulgaria,2022,0.45473684210526316
Guinea Bissau,2022,0.45256578947368414
Congo-Brazzaville,2022,0.4515789473684211
Tunisia,2022,0.45059210526315796
Botswana,2022,0.45059210526315796
Paraguay,2022,0.44973684210526316
Mauritania,2022,0.44802631578947366
Madagascar,2022,0.44750000000000006
Angola,2022,0.4419078947368421
Togo,2022,0.4419078947368421
Central African Republic,2022,0.4405263157894737
Fiji,2022,0.4401973684210526
Albania,2022,0.4369078947368421
Chad,2022,0.43539473684210533
Gabon,2022,0.4342105263157895
Ukraine,2022,0.43263157894736837
Burundi,2022,0.43250000000000005
Greece,2022,0.4310526315789474
Zambia,2022,0.4302631578947369
Brazil,2022,0.43
Mali,2022,0.4242105263157894
El Salvador,2022,0.4216447368421053
Malaysia,2022,0.4049342105263158
Ethiopia,2022,0.39822368421052634
Thailand,2022,0.3957236842105263
Mozambique,2022,0.39401315789473684
Indonesia,2022,0.3899342105263158
Cameroon,2022,0.3888157894736842
Qatar,2022,0.38835526315789476
Jordan,2022,0.38592105263157894
Benin,2022,0.38414473684210526
Kazakhstan,2022,0.38342105263157894
Tanzania,2022,0.38342105263157894
Guatemala,2022,0.3811842105263158
Democratic Republic of Congo,2022,0.37934210526315787
Bolivia,2022,0.3788157894736842
Mexico,2022,0.37875
South Sudan,2022,0.3753947368421053
Nigeria,2022,0.3736184210526316
Lebanon,2022,0.37223684210526314
Eswatini,2022,0.3711842105263158
Uganda,2022,0.3707236842105263
Uzbekistan,2022,0.3667105263157895
Algeria,2022,0.3653289473684211
Morocco / Western Sahara,2022,0.36460526315789477
Rwanda,2022,0.3630263157894737
Zimbabwe,2022,0.36144736842105263
United Arab Emirates,2022,0.35828947368421055
Singapore,2022,0.35677631578947366
Somalia,2022,0.355328947368421
Equatorial Guinea,2022,0.355
Cambodia,2022,0.3518421052631579
Libya,2022,0.3497368421052631
Brunei,2022,0.3455921052631579
Colombia,2022,0.3449342105263158
Sri Lanka,2022,0.3429605263157895
Philippines,2022,0.3410526315789474
Hong Kong,2022,0.33973684210526317
Türkiye,2022,0.3371710526315789
India,2022,0.3355263157894737
Sudan,2022,0.3352631578947369
Tajikistan,2022,0.3306578947368421
Belarus,2022,0.3264473684210526
Azerbaijan,2022,0.325
Russia,2022,0.3211842105263158
Afghanistan,2022,0.31756578947368425
Pakistan,2022,0.3157236842105263
Kuwait,2022,0.31493421052631576
Venezuela,2022,0.3143421052631579
Nicaragua,2022,0.3098026315789474
Laos,2022,0.3068421052631579
Bangladesh,2022,0.3067763157894737
Oman,2022,0.30256578947368423
Djibouti,2022,0.30098684210526316
Honduras,2022,0.29348684210526316
Saudi Arabia,2022,0.2875657894736842
Bahrain,2022,0.2695394736842105
Egypt,2022,0.264671052631579
Yemen,2022,0.2575
Palestine,2022,0.25644736842105265
Syria,2022,0.2561842105263158
Iraq,2022,0.25388157894736846
Cuba,2022,0.24552631578947368
Vietnam,2022,0.2375657894736842
China,2022,0.23138157894736844
Myanmar,2022,0.23046052631578948
Turkmenistan,2022,0.23032894736842108
Iran,2022,0.21855263157894736
Eritrea,2022,0.19486842105263158
North Korea,2022,0.1573684210526316
Norway,2023,0.6919736842105264
Ireland,2023,0.6573026315789473
Denmark,2023,0.6544736842105263
Sweden,2023,0.6457236842105264
Finland,2023,0.6443421052631578
Netherlands,2023,0.6381578947368421
Lithuania,2023,0.6367763157894737
Estonia,2023,0.6270394736842105
Portugal,2023,0.6223684210526316
Timor-Leste,2023,0.6216447368421052
Liechtenstein,2023,0.6215131578947368
Switzerland,2023,0.6210526315789474
New Zealand,2023,0.6199342105263158
Czechia,2023,0.6156578947368421
Canada,2023,0.615328947368421
Latvia,2023,0.6136184210526315
Slovakia,2023,0.6132894736842105
Iceland,2023,0.6130921052631578
Samoa,2023,0.6062500000000001
Luxembourg,2023,0.6051315789473685
Germany,2023,0.6046710526315789
Namibia,2023,0.5980921052631579
Costa Rica,2023,0.593421052631579
France,2023,0.5836842105263158
South Africa,2023,0.5828947368421052
United Kingdom,2023,0.5823026315789473
Australia,2023,0.5805263157894737
Moldova,2023,0.5764473684210527
Austria,2023,0.5743421052631579
Trinidad and Tobago,2023,0.569342105263158
Belgium,2023,0.5688815789473685
Jamaica,2023,0.5650657894736842
Cabo Verde,2023,0.5639473684210526
Seychelles,2023,0.5638815789473683
Taiwan,2023,0.5627631578947369
Spain,2023,0.5616447368421053
Andorra,2023,0.5595394736842105
North Macedonia,2023,0.5549342105263158
Montenegro,2023,0.5544736842105263
Argentina,2023,0.5484210526315789
Italy,2023,0.5398026315789474
Croatia,2023,0.5391447368421053
Dominican Republic,2023,0.5386842105263158
Tonga,2023,0.5348026315789474
United States,2023,0.5343421052631578
Gambia,2023,0.5332894736842105
South Korea,2023,0.5317763157894737
Suriname,2023,0.5303947368421053
Armenia,2023,0.5303289473684211
Slovenia,2023,0.5301973684210527
Belize,2023,0.5295394736842105
Uruguay,2023,0.5284868421052632
Romania,2023,0.52
Ivory Coast,2023,0.5186184210526316
Cyprus,2023,0.5172368421052632
Kosovo,2023,0.5156578947368421
Poland,2023,0.5109210526315789
Burkina Faso,2023,0.5107894736842106
Papua New Guinea,2023,0.5106578947368421
Guyana,2023,0.5098684210526315
Niger,2023,0.5055263157894737
Ghana,2023,0.4995394736842106
Mauritius,2023,0.4971052631578948
Bosnia-Herzegovina,2023,0.49625
Botswana,2023,0.49085526315789474
Liberia,2023,0.48907894736842106
Lesotho,2023,0.48875
Japan,2023,0.48651315789473687
Panama,2023,0.48467105263157895
Togo,2023,0.4806578947368421
Bulgaria,2023,0.48013157894736835
Hungary,2023,0.48000000000000004
Malaysia,2023,0.47914473684210523
Sierra Leone,2023,0.47730263157894737
Comoros,2023,0.4753289473684211
Northern Cyprus,2023,0.471907894736842
Georgia,2023,0.4716447368421052
Guinea Bissau,2023,0.47085526315789467
Ukraine,2023,0.4683552631578947
Ecuador,2023,0.46388157894736837
Congo-Brazzaville,2023,0.46328947368421053
Malawi,2023,0.4627631578947369
Chile,2023,0.4611184210526316
Malta,2023,0.45894736842105255
Guinea,2023,0.4573026315789473
Mauritania,2023,0.4569078947368421
Zambia,2023,0.4566447368421052
Mongolia,2023,0.45611842105263156
Fiji,2023,0.4557236842105264
Bhutan,2023,0.4555921052631579
Serbia,2023,0.45499999999999996
Brazil,2023,0.4517763157894737
OECS,2023,0.44973684210526316
Gabon,2023,0.44815789473684214
Nepal,2023,0.44664473684210526
Albania,2023,0.44644736842105265
Israel,2023,0.4445394736842105
Central African Republic,2023,0.44447368421052635
Haiti,2023,0.4432894736842105
Maldives,2023,0.4403289473684211
Madagascar,2023,0.43855263157894736
Mozambique,2023,0.4350657894736842
Paraguay,2023,0.4339473684210527
Senegal,2023,0.43302631578947365
Qatar,2023,0.42947368421052634
Thailand,2023,0.42921052631578954
Greece,2023,0.42894736842105263
Indonesia,2023,0.4265131578947368
Chad,2023,0.41927631578947366
Peru,2023,0.41276315789473683
Eswatini,2023,0.4122368421052631
Benin,2023,0.41078947368421054
Mali,2023,0.40980263157894736
Burundi,2023,0.4088157894736842
El Salvador,2023,0.4036842105263158
Kenya,2023,0.40230263157894736
Bolivia,2023,0.40190789473684213
South Sudan,2023,0.3988157894736842
Lebanon,2023,0.3977631578947369
Equatorial Guinea,2023,0.39703947368421055
Tunisia,2023,0.3954605263157895
Kyrgyzstan,2023,0.3941447368421052
Nigeria,2023,0.39184210526315794
Democratic Republic of Congo,2023,0.3851973684210526
Angola,2023,0.38355263157894737
Zimbabwe,2023,0.3826973684210526
Guatemala,2023,0.3823684210526316
Mexico,2023,0.3814473684210526
Singapore,2023,0.38078947368421057
Ethiopia,2023,0.3796052631578948
Rwanda,2023,0.37223684210526314
Philippines,2023,0.3698026315789474
Uganda,2023,0.36894736842105263
Kazakhstan,2023,0.3675657894736842
Sri Lanka,2023,0.3674342105263158
Algeria,2023,0.3667105263157895
Uzbekistan,2023,0.36664473684210525
Cameroon,2023,0.36565789473684207
Colombia,2023,0.36335526315789474
Hong Kong,2023,0.3609210526315789
Somalia,2023,0.3568421052631579
Brunei,2023,0.35657894736842105
Tanzania,2023,0.35539473684210526
Morocco / Western Sahara,2023,0.3532236842105263
United Arab Emirates,2023,0.3486184210526316
Jordan,2023,0.34730263157894736
Cambodia,2023,0.3422368421052632
Sudan,2023,0.33440789473684207
Libya,2023,0.33039473684210524
Pakistan,2023,0.3286184210526316
Azerbaijan,2023,0.32848684210526313
Afghanistan,2023,0.32730263157894735
Tajikistan,2023,0.32276315789473686
Kuwait,2023,0.3213157894736842
Oman,2023,0.31493421052631576
Palestine,2023,0.3148684210526316
Belarus,2023,0.31032894736842104
Nicaragua,2023,0.3098026315789474
Venezuela,2023,0.30914473684210525
Laos,2023,0.3069736842105263
India,2023,0.30671052631578943
Djibouti,2023,0.30177631578947367
Bangladesh,2023,0.29809210526315794
Russia,2023,0.2945394736842106
Türkiye,2023,0.28927631578947366
Egypt,2023,0.285328947368421
Iraq,2023,0.2825
Yemen,2023,0.2814473684210526
Honduras,2023,0.28059210526315786
Saudi Arabia,2023,0.2791447368421053
Bahrain,2023,0.26703947368421055
Cuba,2023,0.2565789473684211
Myanmar,2023,0.2517105263157895
Eritrea,2023,0.24907894736842104
Syria,2023,0.24486842105263157
Turkmenistan,2023,0.2356578947368421
Iran,2023,0.22901315789473686
Vietnam,2023,0.22749999999999998
China,2023,0.2169078947368421
North Korea,2023,0.20868421052631578
